"Timestamp","Temperature_Celsius","Relative_Humidity"
"2022-08-06 19:21:23","30.6","47"
"2022-08-06 20:21:23","28.2","39"
"2022-08-06 21:21:23","28.2","40"
"2022-08-06 22:21:24","28.2","39"
"2022-08-06 23:21:24","28.2","38"
"2022-08-07 00:21:27","28.2","37"
"2022-08-07 01:21:27","28.2","37"
"2022-08-07 02:21:27","28.2","37"
"2022-08-07 03:21:28","28.1","37"
"2022-08-07 04:21:28","28.1","37"
"2022-08-07 05:21:28","28.0","37"
"2022-08-07 06:21:28","28.0","37"
"2022-08-07 07:21:28","28.2","36"
"2022-08-07 08:21:28","28.3","36"
"2022-08-07 09:21:28","28.5","37"
"2022-08-07 10:21:33","28.6","36"
"2022-08-07 11:21:36","28.7","36"
"2022-08-07 12:21:36","28.7","35"
"2022-08-07 13:21:40","28.8","35"
"2022-08-07 14:21:40","28.9","32"
"2022-08-07 15:21:43","28.7","35"
"2022-08-07 16:21:43","28.0","32"
"2022-08-07 17:21:44","27.7","36"
"2022-08-07 18:21:44","27.7","36"
"2022-08-07 19:21:44","27.8","36"
"2022-08-07 20:21:48","28.1","40"
"2022-08-07 21:21:48","28.3","48"
"2022-08-07 22:21:48","28.2","48"
"2022-08-07 23:21:52","28.0","41"
"2022-08-08 00:21:03","27.7","40"
"2022-08-08 01:21:11","27.7","40"
"2022-08-08 02:21:15","27.8","40"
"2022-08-08 03:21:18","27.8","40"
"2022-08-08 04:21:21","27.8","40"
"2022-08-08 05:21:21","27.8","40"
"2022-08-08 06:21:21","27.8","39"
"2022-08-08 07:21:21","28.0","39"
"2022-08-08 08:21:21","28.3","39"
"2022-08-08 09:21:21","28.5","40"
"2022-08-08 10:21:27","28.5","40"
"2022-08-08 11:21:27","28.6","40"
"2022-08-08 12:21:31","28.5","39"
"2022-08-08 13:21:31","28.5","39"
"2022-08-08 14:21:36","28.3","39"
"2022-08-08 15:21:40","28.2","38"
"2022-08-08 16:21:40","28.0","39"
"2022-08-08 17:21:40","27.9","39"
"2022-08-08 18:21:43","27.8","40"
"2022-08-08 19:21:43","27.8","41"
"2022-08-08 20:21:44","27.7","43"
"2022-08-08 21:21:47","28.0","43"
"2022-08-08 22:21:50","27.9","43"
"2022-08-08 23:21:51","27.7","42"
"2022-08-09 00:21:54","27.3","42"
"2022-08-09 01:21:03","27.3","42"
"2022-08-09 02:21:11","27.6","43"
"2022-08-09 03:21:23","27.7","43"
"2022-08-09 04:21:23","27.7","43"
"2022-08-09 05:21:23","27.7","43"
"2022-08-09 06:21:23","27.7","44"
"2022-08-09 07:21:23","27.9","43"
"2022-08-09 08:21:23","28.1","43"
"2022-08-09 09:21:23","28.2","44"
"2022-08-09 10:21:24","28.4","44"
"2022-08-09 11:21:24","28.4","44"
"2022-08-09 12:21:28","28.4","44"
"2022-08-09 13:21:28","28.6","45"
"2022-08-09 14:21:28","28.6","44"
"2022-08-09 15:21:28","28.5","44"
"2022-08-09 16:21:28","28.5","43"
"2022-08-09 17:21:28","28.5","43"
"2022-08-09 18:21:28","28.4","42"
"2022-08-09 19:21:28","28.4","42"
"2022-08-09 20:21:32","28.3","43"
"2022-08-09 21:21:35","28.2","42"
"2022-08-09 22:21:36","28.0","45"
"2022-08-09 23:21:48","27.6","40"
"2022-08-10 00:21:48","27.9","43"
"2022-08-10 01:21:48","28.1","44"
"2022-08-10 02:21:48","28.1","43"
"2022-08-10 03:21:56","28.1","42"
"2022-08-10 04:21:56","28.1","42"
"2022-08-10 05:21:56","28.1","42"
"2022-08-10 06:21:56","28.0","42"
"2022-08-10 07:21:56","28.2","42"
"2022-08-10 08:21:56","28.4","42"
"2022-08-10 09:21:56","28.6","43"
"2022-08-10 10:21:58","28.7","43"
"2022-08-10 11:21:58","28.7","44"
"2022-08-10 12:21:58","28.8","46"
"2022-08-10 13:21:02","28.9","46"
"2022-08-10 14:21:02","28.9","46"
"2022-08-10 15:21:02","28.9","46"
"2022-08-10 16:21:02","28.8","46"
"2022-08-10 17:21:02","28.8","45"
"2022-08-10 18:21:02","28.7","45"
"2022-08-10 19:21:02","28.7","45"
"2022-08-10 20:21:03","28.3","41"
"2022-08-10 21:21:03","28.0","39"
"2022-08-10 22:21:05","28.3","42"
"2022-08-10 23:21:16","28.3","44"
"2022-08-11 00:21:24","28.2","47"
"2022-08-11 01:21:28","28.1","47"
"2022-08-11 02:21:32","28.3","46"
"2022-08-11 03:21:40","28.3","47"
"2022-08-11 04:21:40","28.3","46"
"2022-08-11 05:21:40","28.3","45"
"2022-08-11 06:21:40","28.4","44"
"2022-08-11 07:21:40","28.6","43"
"2022-08-11 08:21:40","28.8","43"
"2022-08-11 09:21:40","29.1","43"
"2022-08-11 10:21:48","29.2","42"
"2022-08-11 11:21:48","29.2","42"
"2022-08-11 12:21:48","29.3","43"
"2022-08-11 13:21:51","29.5","43"
"2022-08-11 14:21:51","29.4","40"
"2022-08-11 15:21:51","29.3","38"
"2022-08-11 16:21:51","29.3","37"
"2022-08-11 17:21:51","29.3","37"
"2022-08-11 18:21:51","29.3","36"
"2022-08-11 19:21:51","29.2","36"
"2022-08-11 20:21:51","29.2","36"
"2022-08-11 21:21:51","29.2","37"
"2022-08-11 22:21:55","28.7","40"
"2022-08-11 23:21:55","28.5","39"
"2022-08-12 00:21:01","27.5","39"
"2022-08-12 01:21:15","27.2","38"
"2022-08-12 02:21:12","28.3","42"
"2022-08-12 03:21:28","28.7","42"
"2022-08-12 04:21:28","28.7","43"
"2022-08-12 05:21:28","28.7","42"
"2022-08-12 06:21:28","28.8","42"
"2022-08-12 07:21:28","29.0","42"
"2022-08-12 08:21:28","29.2","41"
"2022-08-12 09:21:28","29.5","41"
"2022-08-12 10:21:35","29.6","41"
"2022-08-12 11:21:35","29.7","41"
"2022-08-12 12:21:35","29.8","42"
"2022-08-12 13:21:35","29.8","43"
"2022-08-12 14:21:35","29.8","43"
"2022-08-12 15:21:35","29.8","43"
"2022-08-12 16:21:35","29.7","42"
"2022-08-12 17:21:35","29.7","42"
"2022-08-12 18:21:35","29.7","42"
"2022-08-12 19:21:35","29.7","42"
"2022-08-12 20:21:35","29.7","42"
"2022-08-12 21:21:35","29.6","42"
"2022-08-12 22:21:36","29.0","37"
"2022-08-12 23:21:43","28.8","37"
"2022-08-13 00:21:48","28.1","38"
"2022-08-13 01:21:52","27.7","38"
"2022-08-13 02:21:59","28.2","37"
"2022-08-13 03:21:04","28.5","40"
"2022-08-13 04:21:04","28.8","40"
"2022-08-13 05:21:04","28.9","39"
"2022-08-13 06:21:04","28.9","37"
"2022-08-13 07:21:04","29.3","37"
"2022-08-13 08:21:04","31.1","35"
"2022-08-13 09:21:04","30.2","37"
"2022-08-13 10:21:07","29.8","36"
"2022-08-13 11:21:07","28.9","33"
"2022-08-13 12:21:11","28.7","32"
"2022-08-13 13:21:11","28.7","31"
"2022-08-13 14:21:12","28.8","31"
"2022-08-13 15:21:12","29.0","32"
"2022-08-13 16:21:12","29.5","34"
"2022-08-13 17:21:12","29.5","35"
"2022-08-13 18:21:12","29.5","36"
"2022-08-13 19:21:12","29.5","36"
"2022-08-13 20:21:12","29.4","36"
"2022-08-13 21:21:12","29.4","37"
"2022-08-13 22:21:12","29.3","36"
"2022-08-13 23:21:12","29.4","36"
"2022-08-14 00:21:16","29.1","34"
"2022-08-14 01:21:19","28.7","32"
"2022-08-14 02:21:20","28.4","32"
"2022-08-14 03:21:24","28.6","37"
"2022-08-14 04:21:27","29.0","37"
"2022-08-14 05:21:27","29.0","38"
"2022-08-14 06:21:27","29.1","38"
"2022-08-14 07:21:27","29.2","39"
"2022-08-14 08:21:27","29.4","38"
"2022-08-14 09:21:27","29.6","39"
"2022-08-14 10:21:27","29.8","40"
"2022-08-14 11:21:27","29.9","40"
"2022-08-14 12:21:29","30.0","40"
"2022-08-14 13:21:29","29.8","36"
"2022-08-14 14:21:29","29.7","34"
"2022-08-14 15:21:29","29.5","31"
"2022-08-14 16:21:31","29.3","32"
"2022-08-14 17:21:31","29.6","33"
"2022-08-14 18:21:31","29.7","34"
"2022-08-14 19:21:31","29.6","35"
"2022-08-14 20:21:31","29.7","36"
"2022-08-14 21:21:31","29.6","37"
"2022-08-14 22:21:31","29.6","37"
"2022-08-14 23:21:31","29.1","37"
"2022-08-15 00:21:32","28.9","37"
"2022-08-15 01:21:34","28.8","38"
"2022-08-15 02:21:35","28.7","39"
"2022-08-15 03:21:44","28.9","43"
"2022-08-15 04:21:47","29.2","43"
"2022-08-15 05:21:47","29.2","44"
"2022-08-15 06:21:47","29.3","44"
"2022-08-15 07:21:47","29.3","43"
"2022-08-15 08:21:47","29.3","43"
"2022-08-15 09:21:47","29.3","43"
"2022-08-15 10:21:47","29.4","44"
"2022-08-15 11:21:47","29.4","44"
"2022-08-15 12:21:52","29.6","45"
"2022-08-15 13:21:52","29.6","45"
"2022-08-15 14:21:52","29.6","45"
"2022-08-15 15:21:52","29.6","46"
"2022-08-15 16:21:52","29.6","46"
"2022-08-15 17:21:52","29.7","46"
"2022-08-15 18:21:52","29.7","46"
"2022-08-15 19:21:56","29.4","46"
"2022-08-15 20:21:56","29.1","41"
"2022-08-15 21:21:03","28.7","42"
"2022-08-15 22:21:04","28.5","39"
"2022-08-15 23:21:08","28.5","46"
"2022-08-16 00:21:12","28.7","48"
"2022-08-16 01:21:15","28.8","49"
"2022-08-16 02:21:19","28.2","49"
"2022-08-16 03:21:20","28.5","48"
"2022-08-16 04:21:23","28.9","48"
"2022-08-16 05:21:23","28.9","48"
"2022-08-16 06:21:23","29.0","47"
"2022-08-16 07:21:23","29.1","47"
"2022-08-16 08:21:23","29.3","47"
"2022-08-16 09:21:23","29.6","48"
"2022-08-16 10:21:25","29.2","45"
"2022-08-16 11:21:25","28.9","43"
"2022-08-16 12:21:28","28.9","45"
"2022-08-16 13:21:28","28.9","48"
"2022-08-16 14:21:28","29.4","48"
"2022-08-16 15:21:28","29.6","48"
"2022-08-16 16:21:28","29.6","48"
"2022-08-16 17:21:28","29.6","49"
"2022-08-16 18:21:28","29.6","48"
"2022-08-16 19:21:28","29.6","48"
"2022-08-16 20:21:28","29.5","48"
"2022-08-16 21:21:31","28.8","43"
"2022-08-16 22:21:31","28.8","45"
"2022-08-16 23:21:31","28.5","43"
"2022-08-17 00:21:35","28.4","43"
"2022-08-17 01:21:35","28.6","49"
"2022-08-17 02:21:35","28.9","49"
"2022-08-17 03:21:45","29.0","49"
"2022-08-17 04:21:50","28.7","45"
"2022-08-17 05:21:50","28.9","47"
"2022-08-17 06:21:50","29.0","47"
"2022-08-17 07:21:50","29.1","48"
"2022-08-17 08:21:50","29.2","48"
"2022-08-17 09:21:50","29.2","48"
"2022-08-17 10:21:51","29.2","48"
"2022-08-17 11:21:51","29.3","49"
"2022-08-17 12:21:56","29.2","48"
"2022-08-17 13:21:02","29.0","49"
"2022-08-17 14:21:02","29.1","50"
"2022-08-17 15:21:02","29.2","50"
"2022-08-17 16:21:02","29.2","50"
"2022-08-17 17:21:11","29.2","50"
"2022-08-17 18:21:16","28.8","51"
"2022-08-17 19:21:23","28.5","51"
"2022-08-17 20:21:25","27.8","55"
"2022-08-17 21:21:32","27.9","52"
"2022-08-17 22:21:41","27.7","51"
"2022-08-17 23:21:48","27.7","51"
"2022-08-18 00:21:56","27.4","50"
"2022-08-18 01:21:04","27.2","51"
"2022-08-18 02:21:16","26.6","46"
"2022-08-18 03:21:28","27.2","48"
"2022-08-18 04:21:32","27.9","49"
"2022-08-18 05:21:32","28.1","50"
"2022-08-18 06:21:32","28.2","50"
"2022-08-18 07:21:32","28.3","50"
"2022-08-18 08:21:32","28.7","50"
"2022-08-18 09:21:32","28.8","49"
"2022-08-18 10:21:40","28.9","49"
"2022-08-18 11:21:40","29.0","49"
"2022-08-18 12:21:40","29.1","50"
"2022-08-18 13:21:44","29.3","50"
"2022-08-18 14:21:44","29.4","48"
"2022-08-18 15:21:44","29.4","47"
"2022-08-18 16:21:44","29.4","46"
"2022-08-18 17:21:44","29.3","46"
"2022-08-18 18:21:44","29.3","46"
"2022-08-18 19:21:44","29.2","46"
"2022-08-18 20:21:44","29.2","45"
"2022-08-18 21:21:48","28.9","46"
"2022-08-18 22:21:57","28.1","42"
"2022-08-18 23:21:57","27.8","43"
"2022-08-19 00:21:00","27.6","43"
"2022-08-19 01:21:00","27.3","43"
"2022-08-19 02:21:00","28.2","45"
"2022-08-19 03:21:02","28.5","47"
"2022-08-19 04:21:02","28.5","48"
"2022-08-19 05:21:02","28.6","49"
"2022-08-19 06:21:02","28.6","49"
"2022-08-19 07:21:02","28.7","49"
"2022-08-19 08:21:02","28.7","49"
"2022-08-19 09:21:02","28.9","49"
"2022-08-19 10:21:06","28.9","50"
"2022-08-19 11:21:06","29.0","50"
"2022-08-19 12:21:06","29.1","50"
"2022-08-19 13:21:06","29.1","50"
"2022-08-19 14:21:08","28.8","53"
"2022-08-19 15:21:08","28.0","46"
"2022-08-19 16:21:11","27.7","47"
"2022-08-19 17:21:12","27.5","50"
"2022-08-19 18:21:15","27.5","51"
"2022-08-19 19:21:17","27.2","51"
"2022-08-19 20:21:17","27.2","52"
"2022-08-19 21:21:19","27.3","51"
"2022-08-19 22:21:27","27.3","50"
"2022-08-19 23:21:31","28.1","51"
"2022-08-20 00:21:35","28.2","52"
"2022-08-20 01:21:36","28.3","52"
"2022-08-20 02:21:39","28.4","52"
"2022-08-20 03:21:40","28.4","51"
"2022-08-20 04:21:40","28.3","51"
"2022-08-20 05:21:40","28.3","50"
"2022-08-20 06:21:40","28.3","48"
"2022-08-20 07:21:40","28.4","48"
"2022-08-20 08:21:40","28.8","47"
"2022-08-20 09:21:40","29.2","46"
"2022-08-20 10:21:40","29.3","44"
"2022-08-20 11:21:44","28.4","37"
"2022-08-20 12:21:44","27.9","36"
"2022-08-20 13:21:44","27.6","38"
"2022-08-20 14:21:51","27.6","39"
"2022-08-20 15:21:52","27.5","40"
"2022-08-20 16:21:00","27.4","41"
"2022-08-20 17:21:04","27.2","39"
"2022-08-20 18:21:08","26.9","39"
"2022-08-20 19:21:18","27.1","40"
"2022-08-20 20:21:19","27.5","40"
"2022-08-20 21:21:19","26.5","41"
"2022-08-20 22:21:20","27.7","41"
"2022-08-20 23:21:25","28.0","42"
"2022-08-21 00:21:32","28.0","43"
"2022-08-21 01:21:36","28.1","43"
"2022-08-21 02:21:40","28.1","43"
"2022-08-21 03:21:40","28.1","44"
"2022-08-21 04:21:47","28.1","43"
"2022-08-21 05:21:47","28.0","43"
"2022-08-21 06:21:47","28.0","44"
"2022-08-21 07:21:47","28.1","44"
"2022-08-21 08:21:47","28.4","44"
"2022-08-21 09:21:47","28.7","44"
"2022-08-21 10:21:47","28.7","45"
"2022-08-21 11:21:47","28.7","45"
"2022-08-21 12:21:49","28.7","46"
"2022-08-21 13:21:52","28.4","42"
"2022-08-21 14:21:56","27.9","37"
"2022-08-21 15:21:59","27.4","35"
"2022-08-21 16:21:00","27.1","37"
"2022-08-21 17:21:03","26.8","39"
"2022-08-21 18:21:07","26.8","39"
"2022-08-21 19:21:16","26.6","41"
"2022-08-21 20:21:19","26.4","41"
"2022-08-21 21:21:27","26.5","45"
"2022-08-21 22:21:28","27.7","43"
"2022-08-21 23:21:31","27.8","45"
"2022-08-22 00:21:35","27.8","45"
"2022-08-22 01:21:37","27.8","46"
"2022-08-22 02:21:40","27.9","45"
"2022-08-22 03:21:41","27.8","45"
"2022-08-22 04:21:41","27.8","45"
"2022-08-22 05:21:41","27.8","45"
"2022-08-22 06:21:41","27.8","45"
"2022-08-22 07:21:41","27.8","45"
"2022-08-22 08:21:45","27.9","45"
"2022-08-22 09:21:45","28.3","44"
"2022-08-22 10:21:45","28.5","44"
"2022-08-22 11:21:52","28.7","44"
"2022-08-22 12:21:57","27.7","38"
"2022-08-22 13:21:57","27.6","37"
"2022-08-22 14:21:00","27.6","36"
"2022-08-22 15:21:03","27.7","38"
"2022-08-22 16:21:05","27.4","36"
"2022-08-22 17:21:16","27.3","35"
"2022-08-22 18:21:28","27.0","35"
"2022-08-22 19:21:40","26.9","37"
"2022-08-22 20:21:48","26.8","38"
"2022-08-22 21:21:07","26.7","38"
"2022-08-22 22:21:07","27.6","40"
"2022-08-22 23:21:08","27.8","42"
"2022-08-23 00:21:10","27.9","43"
"2022-08-23 01:21:14","27.9","42"
"2022-08-23 02:21:14","27.9","41"
"2022-08-23 03:21:22","27.9","41"
"2022-08-23 04:21:22","27.9","41"
"2022-08-23 05:21:22","27.9","42"
"2022-08-23 06:21:22","27.9","42"
"2022-08-23 07:21:22","28.0","42"
"2022-08-23 08:21:22","28.3","43"
"2022-08-23 09:21:28","27.6","41"
"2022-08-23 10:21:28","27.5","41"
"2022-08-23 11:21:34","27.3","44"
"2022-08-23 12:21:36","27.5","42"
"2022-08-23 13:21:51","27.7","41"
"2022-08-23 14:21:04","27.7","44"
"2022-08-23 15:21:04","27.7","45"
"2022-08-23 16:21:04","27.5","44"
"2022-08-23 17:21:04","27.5","46"
"2022-08-23 18:21:04","27.3","47"
"2022-08-23 19:21:04","27.2","48"
"2022-08-23 20:21:04","27.1","49"
"2022-08-23 21:21:12","27.2","49"
"2022-08-23 22:21:12","27.8","51"
"2022-08-23 23:21:20","28.0","52"
"2022-08-24 00:21:20","28.0","52"
"2022-08-24 01:21:24","28.1","52"
"2022-08-24 02:21:07","28.2","55"
"2022-08-24 03:21:35","28.2","55"
"2022-08-24 04:21:36","28.1","54"
"2022-08-24 05:21:36","28.1","54"
"2022-08-24 06:21:36","28.1","54"
"2022-08-24 07:21:36","28.1","54"
"2022-08-24 08:21:36","28.5","53"
"2022-08-24 09:21:36","28.8","53"
"2022-08-24 10:21:36","29.1","53"
"2022-08-24 11:21:39","29.2","53"
"2022-08-24 12:21:40","29.2","50"
"2022-08-24 13:21:40","28.9","46"
"2022-08-24 14:21:43","28.5","45"
"2022-08-24 15:21:43","28.2","45"
"2022-08-24 16:21:43","28.2","47"
"2022-08-24 17:21:43","28.1","47"
"2022-08-24 18:21:43","28.0","47"
"2022-08-24 19:21:43","27.8","48"
"2022-08-24 20:21:43","27.7","47"
"2022-08-24 21:21:43","27.7","50"
"2022-08-24 22:21:44","28.3","54"
"2022-08-24 23:21:55","28.1","51"
"2022-08-25 00:21:55","27.7","53"
"2022-08-25 01:21:55","27.6","54"
"2022-08-25 02:21:58","28.0","55"
"2022-08-25 03:21:58","28.2","55"
"2022-08-25 04:21:58","28.2","56"
"2022-08-25 05:21:58","28.3","56"
"2022-08-25 06:21:58","28.3","55"
"2022-08-25 07:21:58","28.4","55"
"2022-08-25 08:21:58","28.6","54"
"2022-08-25 09:21:58","28.8","54"
"2022-08-25 10:21:00","28.2","45"
"2022-08-25 11:21:03","28.1","40"
"2022-08-25 12:21:07","28.4","41"
"2022-08-25 13:21:08","28.5","40"
"2022-08-25 14:21:12","28.7","39"
"2022-08-25 15:21:15","28.7","41"
"2022-08-25 16:21:14","28.5","42"
"2022-08-25 17:21:17","28.4","46"
"2022-08-25 18:21:23","28.0","46"
"2022-08-25 19:21:28","27.8","46"
"2022-08-25 20:21:39","27.3","47"
"2022-08-25 21:21:39","27.4","49"
"2022-08-25 22:21:44","27.2","46"
"2022-08-25 23:21:47","26.9","45"
"2022-08-26 00:21:56","26.8","45"
"2022-08-26 01:21:07","26.8","45"
"2022-08-26 02:21:07","27.8","48"
"2022-08-26 03:21:08","28.0","50"
"2022-08-26 04:21:11","28.0","50"
"2022-08-26 05:21:11","28.1","50"
"2022-08-26 06:21:11","28.1","51"
"2022-08-26 07:21:11","28.1","51"
"2022-08-26 08:21:11","28.2","51"
"2022-08-26 09:21:11","28.2","50"
"2022-08-26 10:21:11","28.3","51"
"2022-08-26 11:21:15","28.4","51"
"2022-08-26 12:21:15","28.0","46"
"2022-08-26 13:21:15","27.9","46"
"2022-08-26 14:21:15","28.0","44"
"2022-08-26 15:21:15","28.0","43"
"2022-08-26 16:21:15","28.1","41"
"2022-08-26 17:21:16","27.5","39"
"2022-08-26 18:21:27","26.9","38"
"2022-08-26 19:21:27","27.3","40"
"2022-08-26 20:21:27","28.0","45"
"2022-08-26 21:21:27","28.0","44"
"2022-08-26 22:21:30","28.1","44"
"2022-08-26 23:21:32","28.1","43"
"2022-08-27 00:21:38","28.1","43"
"2022-08-27 01:21:39","28.1","42"
"2022-08-27 02:21:44","28.1","42"
"2022-08-27 03:21:43","28.0","42"
"2022-08-27 04:21:43","28.0","42"
"2022-08-27 05:21:43","28.0","41"
"2022-08-27 06:21:43","28.0","41"
"2022-08-27 07:21:43","28.1","41"
"2022-08-27 08:21:43","28.1","40"
"2022-08-27 09:21:43","28.2","41"
"2022-08-27 10:21:43","28.3","41"
"2022-08-27 11:21:47","28.4","42"
"2022-08-27 12:21:47","28.4","43"
"2022-08-27 13:21:47","28.6","43"
"2022-08-27 14:21:48","27.6","36"
"2022-08-27 15:21:48","27.1","36"
"2022-08-27 16:21:51","27.9","38"
"2022-08-27 17:21:51","28.1","40"
"2022-08-27 18:21:51","27.9","39"
"2022-08-27 19:21:00","27.8","40"
"2022-08-27 20:21:15","27.5","39"
"2022-08-27 21:21:15","27.4","41"
"2022-08-27 22:21:22","27.2","40"
"2022-08-27 23:21:27","26.9","39"
"2022-08-28 00:21:32","26.8","38"
"2022-08-28 01:21:28","26.6","39"
"2022-08-28 02:21:59","26.5","39"
"2022-08-28 03:21:12","26.7","39"
"2022-08-28 04:21:13","27.1","39"
"2022-08-28 05:21:13","27.2","39"
"2022-08-28 06:21:13","27.3","40"
"2022-08-28 07:21:13","27.3","40"
"2022-08-28 08:21:13","27.5","40"
"2022-08-28 09:21:13","27.8","39"
"2022-08-28 10:21:20","27.9","39"
"2022-08-28 11:21:20","28.1","39"
"2022-08-28 12:21:24","28.1","39"
"2022-08-28 13:21:34","28.1","40"
"2022-08-28 14:21:34","28.1","39"
"2022-08-28 15:21:34","28.1","39"
"2022-08-28 16:21:34","28.1","39"
"2022-08-28 17:21:39","28.1","38"
"2022-08-28 18:21:40","28.0","38"
"2022-08-28 19:21:43","27.6","38"
"2022-08-28 20:21:43","26.8","39"
"2022-08-28 21:21:43","26.5","43"
"2022-08-28 22:21:43","27.1","43"
"2022-08-28 23:21:47","27.2","41"
"2022-08-29 00:21:49","26.9","41"
"2022-08-29 01:21:52","26.8","40"
"2022-08-29 02:21:57","26.5","39"
"2022-08-29 03:21:59","26.8","39"
"2022-08-29 04:21:59","27.0","39"
"2022-08-29 05:21:59","27.2","39"
"2022-08-29 06:21:59","27.2","39"
"2022-08-29 07:21:59","27.2","38"
"2022-08-29 08:21:59","27.3","38"
"2022-08-29 09:21:59","27.4","38"
"2022-08-29 10:21:59","27.5","38"
"2022-08-29 11:21:59","27.6","38"
"2022-08-29 12:21:59","27.7","38"
"2022-08-29 13:21:59","27.6","37"
"2022-08-29 14:21:59","27.6","37"
"2022-08-29 15:21:59","27.7","37"
"2022-08-29 16:21:59","27.6","37"
"2022-08-29 17:21:59","27.6","37"
"2022-08-29 18:21:59","27.6","37"
"2022-08-29 19:21:00","27.5","39"
"2022-08-29 20:21:00","27.7","43"
"2022-08-29 21:21:00","27.6","40"
"2022-08-29 22:21:07","27.3","43"
"2022-08-29 23:21:15","27.0","44"
"2022-08-30 00:21:16","26.8","45"
"2022-08-30 01:21:20","26.6","46"
"2022-08-30 02:21:24","26.9","46"
"2022-08-30 03:21:24","27.0","46"
"2022-08-30 04:21:24","27.0","46"
"2022-08-30 05:21:24","27.1","45"
"2022-08-30 06:21:24","27.2","45"
"2022-08-30 07:21:24","27.2","45"
"2022-08-30 08:21:26","27.2","44"
"2022-08-30 09:21:26","27.5","44"
"2022-08-30 10:21:26","27.6","43"
"2022-08-30 11:21:32","27.8","43"
"2022-08-30 12:21:37","27.9","41"
"2022-08-30 13:21:41","27.8","38"
"2022-08-30 14:21:41","27.8","38"
"2022-08-30 15:21:41","27.7","38"
"2022-08-30 16:21:41","27.7","39"
"2022-08-30 17:21:41","27.7","38"
"2022-08-30 18:21:47","27.6","36"
"2022-08-30 19:21:47","27.6","35"
"2022-08-30 20:21:48","27.7","37"
"2022-08-30 21:21:52","27.6","38"
"2022-08-30 22:21:53","27.4","40"
"2022-08-30 23:21:53","27.1","41"
"2022-08-31 00:21:00","26.9","43"
"2022-08-31 01:21:04","27.1","43"
"2022-08-31 02:21:04","27.3","43"
"2022-08-31 03:21:04","27.3","42"
"2022-08-31 04:21:04","27.2","41"
"2022-08-31 05:21:04","27.2","40"
"2022-08-31 06:21:04","27.1","39"
"2022-08-31 07:21:04","27.1","38"
"2022-08-31 08:21:04","27.2","38"
"2022-08-31 09:21:04","27.4","38"
"2022-08-31 10:21:07","27.6","38"
"2022-08-31 11:21:07","27.8","37"
"2022-08-31 12:21:07","27.9","38"
"2022-08-31 13:21:07","28.0","39"
"2022-08-31 14:21:08","27.9","38"
"2022-08-31 15:21:08","27.9","37"
"2022-08-31 16:21:11","27.8","35"
"2022-08-31 17:21:12","27.8","35"
"2022-08-31 18:21:12","27.6","33"
"2022-08-31 19:21:12","27.7","37"
"2022-08-31 20:21:15","27.5","33"
"2022-08-31 21:21:15","27.3","34"
"2022-08-31 22:21:16","27.2","38"
"2022-08-31 23:21:16","27.0","39"
"2022-09-01 00:21:20","26.8","38"
"2022-09-01 01:21:36","26.6","38"
"2022-09-01 02:21:48","26.9","38"
"2022-09-01 03:21:48","27.0","39"
"2022-09-01 04:21:49","27.0","39"
"2022-09-01 05:21:49","26.9","39"
"2022-09-01 06:21:49","26.9","39"
"2022-09-01 07:21:49","27.0","39"
"2022-09-01 08:21:49","27.1","39"
"2022-09-01 09:21:49","27.2","39"
"2022-09-01 10:21:49","27.5","39"
"2022-09-01 11:21:58","27.7","39"
"2022-09-01 12:21:58","27.8","40"
"2022-09-01 13:21:58","27.9","40"
"2022-09-01 14:21:59","27.9","44"
"2022-09-01 15:21:00","27.8","42"
"2022-09-01 16:21:00","27.7","38"
"2022-09-01 17:21:09","27.7","36"
"2022-09-01 18:21:09","27.7","35"
"2022-09-01 19:21:12","27.7","34"
"2022-09-01 20:21:15","27.6","34"
"2022-09-01 21:21:15","27.4","35"
"2022-09-01 22:21:16","27.2","34"
"2022-09-01 23:21:20","27.1","34"
"2022-09-02 00:21:23","26.8","32"
"2022-09-02 01:21:28","26.8","32"
"2022-09-02 02:21:32","26.9","33"
"2022-09-02 03:21:36","27.1","34"
"2022-09-02 04:21:36","27.0","34"
"2022-09-02 05:21:36","26.9","34"
"2022-09-02 06:21:36","26.9","34"
"2022-09-02 07:21:36","27.0","33"
"2022-09-02 08:21:36","27.1","34"
"2022-09-02 09:21:36","27.2","34"
"2022-09-02 10:21:36","27.4","35"
"2022-09-02 11:21:40","27.6","36"
"2022-09-02 12:21:43","27.7","36"
"2022-09-02 13:21:43","27.9","38"
"2022-09-02 14:21:43","27.9","39"
"2022-09-02 15:21:43","27.9","39"
"2022-09-02 16:21:43","27.8","38"
"2022-09-02 17:21:43","27.7","38"
"2022-09-02 18:21:43","27.6","37"
"2022-09-02 19:21:45","27.7","39"
"2022-09-02 20:21:45","27.8","39"
"2022-09-02 21:21:52","27.6","34"
"2022-09-02 22:21:56","27.4","32"
"2022-09-02 23:21:59","27.2","31"
"2022-09-03 00:21:01","27.1","30"
"2022-09-03 01:21:08","27.0","31"
"2022-09-03 02:21:15","26.9","31"
"2022-09-03 03:21:20","27.0","32"
"2022-09-03 04:21:20","27.1","32"
"2022-09-03 05:21:20","27.1","33"
"2022-09-03 06:21:20","27.1","33"
"2022-09-03 07:21:20","27.1","33"
"2022-09-03 08:21:20","27.2","33"
"2022-09-03 09:21:20","27.4","33"
"2022-09-03 10:21:20","27.6","33"
"2022-09-03 11:21:23","27.8","33"
"2022-09-03 12:21:23","28.0","33"
"2022-09-03 13:21:23","28.1","34"
"2022-09-03 14:21:24","28.2","34"
"2022-09-03 15:21:27","28.2","34"
"2022-09-03 16:21:27","27.7","32"
"2022-09-03 17:21:28","27.2","34"
"2022-09-03 18:21:32","27.0","34"
"2022-09-03 19:21:36","26.8","35"
"2022-09-03 20:21:36","27.2","36"
"2022-09-03 21:21:39","27.5","37"
"2022-09-03 22:21:39","27.6","39"
"2022-09-03 23:21:43","27.5","37"
"2022-09-04 00:21:42","27.4","36"
"2022-09-04 01:21:47","27.3","42"
"2022-09-04 02:21:48","27.5","42"
"2022-09-04 03:21:58","27.5","43"
"2022-09-04 04:21:58","27.5","43"
"2022-09-04 05:21:58","27.5","43"
"2022-09-04 06:21:58","27.4","43"
"2022-09-04 07:21:58","27.5","44"
"2022-09-04 08:21:58","27.5","45"
"2022-09-04 09:21:58","27.7","45"
"2022-09-04 10:21:58","27.8","46"
"2022-09-04 11:21:58","28.1","47"
"2022-09-04 12:21:59","28.4","46"
"2022-09-04 13:21:02","28.2","47"
"2022-09-04 14:21:02","28.2","52"
"2022-09-04 15:21:02","28.2","49"
"2022-09-04 16:21:02","28.1","45"
"2022-09-04 17:21:02","28.1","43"
"2022-09-04 18:21:02","28.1","44"
"2022-09-04 19:21:02","28.0","46"
"2022-09-04 20:21:02","28.0","45"
"2022-09-04 21:21:01","27.2","44"
"2022-09-04 22:21:07","26.7","46"
"2022-09-04 23:21:10","26.6","39"
"2022-09-05 00:21:19","26.5","41"
"2022-09-05 01:21:24","27.1","38"
"2022-09-05 02:21:29","27.4","38"
"2022-09-05 03:21:29","27.5","38"
"2022-09-05 04:21:29","27.4","39"
"2022-09-05 05:21:29","27.4","39"
"2022-09-05 06:21:29","27.5","40"
"2022-09-05 07:21:29","27.5","40"
"2022-09-05 08:21:29","27.6","40"
"2022-09-05 09:21:29","27.7","41"
"2022-09-05 10:21:29","27.8","41"
"2022-09-05 11:21:33","28.0","42"
"2022-09-05 12:21:33","28.2","42"
"2022-09-05 13:21:33","28.4","41"
"2022-09-05 14:21:33","28.5","38"
"2022-09-05 15:21:33","28.5","38"
"2022-09-05 16:21:33","28.3","39"
"2022-09-05 17:21:33","28.2","40"
"2022-09-05 18:21:36","28.2","42"
"2022-09-05 19:21:39","27.6","42"
"2022-09-05 20:21:39","27.3","47"
"2022-09-05 21:21:39","27.8","52"
"2022-09-05 22:21:43","27.8","50"
"2022-09-05 23:21:43","27.4","48"
"2022-09-06 00:21:48","27.4","46"
"2022-09-06 01:21:52","27.2","45"
"2022-09-06 02:21:55","27.2","45"
"2022-09-06 03:21:56","27.5","46"
"2022-09-06 04:21:56","27.5","45"
"2022-09-06 05:21:56","27.6","46"
"2022-09-06 06:21:56","27.6","46"
"2022-09-06 07:21:56","27.7","46"
"2022-09-06 08:21:56","27.7","46"
"2022-09-06 09:21:56","28.0","46"
"2022-09-06 10:21:00","28.2","47"
"2022-09-06 11:21:00","28.3","47"
"2022-09-06 12:21:00","28.4","47"
"2022-09-06 13:21:00","28.5","47"
"2022-09-06 14:21:00","28.5","47"
"2022-09-06 15:21:00","28.5","48"
"2022-09-06 16:21:00","28.5","48"
"2022-09-06 17:21:01","28.3","47"
"2022-09-06 18:21:01","28.3","48"
"2022-09-06 19:21:01","28.3","49"
"2022-09-06 20:21:06","28.4","52"
"2022-09-06 21:21:06","28.0","48"
"2022-09-06 22:21:06","27.1","48"
