"Timestamp","Temperature_Celsius(â„ƒ)","Relative_Humidity(%)"
"2022-08-10 15:39:02","28.9","46"
"2022-08-10 16:39:02","28.8","46"
"2022-08-10 17:39:02","28.8","45"
"2022-08-10 18:39:02","28.8","45"
"2022-08-10 19:39:02","28.7","45"
"2022-08-10 20:39:03","28.2","42"
"2022-08-10 21:39:03","28.0","42"
"2022-08-10 22:39:11","28.3","42"
"2022-08-10 23:39:16","28.3","45"
"2022-08-11 00:39:27","28.2","47"
"2022-08-11 01:39:28","28.2","46"
"2022-08-11 02:39:36","28.3","46"
"2022-08-11 03:39:40","28.3","46"
"2022-08-11 04:39:40","28.3","45"
"2022-08-11 05:39:40","28.3","45"
"2022-08-11 06:39:40","28.4","44"
"2022-08-11 07:39:40","28.7","43"
"2022-08-11 08:39:40","28.9","43"
"2022-08-11 09:39:40","29.1","42"
"2022-08-11 10:39:48","29.2","42"
"2022-08-11 11:39:48","29.2","42"
"2022-08-11 12:39:48","29.3","43"
"2022-08-11 13:39:51","29.4","43"
"2022-08-11 14:39:51","29.4","40"
"2022-08-11 15:39:51","29.3","38"
"2022-08-11 16:39:51","29.3","37"
"2022-08-11 17:39:51","29.3","37"
"2022-08-11 18:39:51","29.3","36"
"2022-08-11 19:39:51","29.2","36"
"2022-08-11 20:39:51","29.2","36"
"2022-08-11 21:39:52","29.0","38"
"2022-08-11 22:39:55","28.7","37"
"2022-08-11 23:39:56","27.9","39"
"2022-08-12 00:39:03","27.4","38"
"2022-08-12 01:39:15","27.3","42"
"2022-08-12 02:39:16","28.6","42"
"2022-08-12 03:39:28","28.7","42"
"2022-08-12 04:39:28","28.7","43"
"2022-08-12 05:39:28","28.8","43"
"2022-08-12 06:39:28","28.8","42"
"2022-08-12 07:39:28","29.1","42"
"2022-08-12 08:39:28","29.3","41"
"2022-08-12 09:39:28","29.5","41"
"2022-08-12 10:39:35","29.6","41"
"2022-08-12 11:39:35","29.7","41"
"2022-08-12 12:39:35","29.8","43"
"2022-08-12 13:39:35","29.8","43"
"2022-08-12 14:39:35","29.8","43"
"2022-08-12 15:39:35","29.8","42"
"2022-08-12 16:39:35","29.7","42"
"2022-08-12 17:39:35","29.7","42"
"2022-08-12 18:39:35","29.7","42"
"2022-08-12 19:39:35","29.7","42"
"2022-08-12 20:39:35","29.6","42"
"2022-08-12 21:39:36","29.6","41"
"2022-08-12 22:39:43","28.9","36"
"2022-08-12 23:39:43","28.8","37"
"2022-08-13 00:39:52","27.9","38"
"2022-08-13 01:39:52","27.7","38"
"2022-08-13 02:39:00","27.9","38"
"2022-08-13 03:39:04","28.7","40"
"2022-08-13 04:39:04","28.8","39"
"2022-08-13 05:39:04","28.9","38"
"2022-08-13 06:39:04","29.0","37"
"2022-08-13 07:39:04","31.3","36"
"2022-08-13 08:39:04","30.5","35"
"2022-08-13 09:39:04","30.2","37"
"2022-08-13 10:39:07","29.3","34"
"2022-08-13 11:39:07","28.8","32"
"2022-08-13 12:39:11","28.7","32"
"2022-08-13 13:39:11","28.7","31"
"2022-08-13 14:39:12","28.7","31"
"2022-08-13 15:39:12","29.4","33"
"2022-08-13 16:39:12","29.5","35"
"2022-08-13 17:39:12","29.5","36"
"2022-08-13 18:39:12","29.5","36"
"2022-08-13 19:39:12","29.5","36"
"2022-08-13 20:39:12","29.4","37"
"2022-08-13 21:39:12","29.4","37"
"2022-08-13 22:39:12","29.4","36"
"2022-08-13 23:39:12","29.4","36"
"2022-08-14 00:39:19","28.9","33"
"2022-08-14 01:39:19","28.6","33"
"2022-08-14 02:39:20","28.3","32"
"2022-08-14 03:39:24","28.8","37"
"2022-08-14 04:39:27","29.0","37"
"2022-08-14 05:39:27","29.1","38"
"2022-08-14 06:39:27","29.1","38"
"2022-08-14 07:39:27","29.3","38"
"2022-08-14 08:39:27","29.5","38"
"2022-08-14 09:39:27","29.7","39"
"2022-08-14 10:39:27","29.8","40"
"2022-08-14 11:39:27","29.9","40"
"2022-08-14 12:39:29","29.9","37"
"2022-08-14 13:39:29","29.8","35"
"2022-08-14 14:39:29","29.6","33"
"2022-08-14 15:39:29","29.5","31"
"2022-08-14 16:39:31","29.3","32"
"2022-08-14 17:39:31","29.6","34"
"2022-08-14 18:39:31","29.7","34"
"2022-08-14 19:39:31","29.7","35"
"2022-08-14 20:39:31","29.6","36"
"2022-08-14 21:39:31","29.6","37"
"2022-08-14 22:39:31","29.3","37"
"2022-08-14 23:39:31","28.9","37"
"2022-08-15 00:39:32","28.9","38"
"2022-08-15 01:39:34","28.8","39"
"2022-08-15 02:39:41","28.7","38"
"2022-08-15 03:39:47","29.0","43"
"2022-08-15 04:39:47","29.2","43"
"2022-08-15 05:39:47","29.2","44"
"2022-08-15 06:39:47","29.3","44"
"2022-08-15 07:39:47","29.3","43"
"2022-08-15 08:39:47","29.3","43"
"2022-08-15 09:39:47","29.3","43"
"2022-08-15 10:39:47","29.4","44"
"2022-08-15 11:39:47","29.5","45"
"2022-08-15 12:39:52","29.6","45"
"2022-08-15 13:39:52","29.6","45"
"2022-08-15 14:39:52","29.6","46"
"2022-08-15 15:39:52","29.6","46"
"2022-08-15 16:39:52","29.7","46"
"2022-08-15 17:39:52","29.7","46"
"2022-08-15 18:39:52","29.7","46"
"2022-08-15 19:39:56","29.3","44"
"2022-08-15 20:39:56","29.0","43"
"2022-08-15 21:39:03","28.7","41"
"2022-08-15 22:39:04","28.4","39"
"2022-08-15 23:39:08","28.8","47"
"2022-08-16 00:39:15","28.7","49"
"2022-08-16 01:39:16","28.6","49"
"2022-08-16 02:39:20","28.0","49"
"2022-08-16 03:39:20","28.7","49"
"2022-08-16 04:39:23","28.9","48"
"2022-08-16 05:39:23","28.9","48"
"2022-08-16 06:39:23","29.0","47"
"2022-08-16 07:39:23","29.2","47"
"2022-08-16 08:39:23","29.4","47"
"2022-08-16 09:39:23","29.6","48"
"2022-08-16 10:39:25","29.1","44"
"2022-08-16 11:39:25","28.8","43"
"2022-08-16 12:39:28","28.9","47"
"2022-08-16 13:39:28","29.1","48"
"2022-08-16 14:39:28","29.5","48"
"2022-08-16 15:39:28","29.6","48"
"2022-08-16 16:39:28","29.6","49"
"2022-08-16 17:39:28","29.6","49"
"2022-08-16 18:39:28","29.6","48"
"2022-08-16 19:39:28","29.6","48"
"2022-08-16 20:39:31","29.2","44"
"2022-08-16 21:39:31","28.7","43"
"2022-08-16 22:39:31","28.7","44"
"2022-08-16 23:39:32","28.5","44"
"2022-08-17 00:39:35","28.6","48"
"2022-08-17 01:39:35","28.8","49"
"2022-08-17 02:39:35","29.0","49"
"2022-08-17 03:39:47","28.5","45"
"2022-08-17 04:39:50","28.8","46"
"2022-08-17 05:39:50","28.9","47"
"2022-08-17 06:39:50","29.0","47"
"2022-08-17 07:39:50","29.1","48"
"2022-08-17 08:39:50","29.2","48"
"2022-08-17 09:39:50","29.2","48"
"2022-08-17 10:39:51","29.2","48"
"2022-08-17 11:39:51","29.3","48"
"2022-08-17 12:39:02","29.0","48"
"2022-08-17 13:39:02","29.0","50"
"2022-08-17 14:39:02","29.2","50"
"2022-08-17 15:39:02","29.2","50"
"2022-08-17 16:39:03","29.2","51"
"2022-08-17 17:39:11","29.1","50"
"2022-08-17 18:39:20","28.7","50"
"2022-08-17 19:39:23","28.5","52"
"2022-08-17 20:39:28","27.8","54"
"2022-08-17 21:39:36","28.3","51"
"2022-08-17 22:39:43","27.6","51"
"2022-08-17 23:39:52","27.6","50"
"2022-08-18 00:39:59","27.2","50"
"2022-08-18 01:39:07","27.3","52"
"2022-08-18 02:39:19","26.3","46"
"2022-08-18 03:39:32","27.6","48"
"2022-08-18 04:39:32","28.0","49"
"2022-08-18 05:39:32","28.1","50"
"2022-08-18 06:39:32","28.2","50"
"2022-08-18 07:39:32","28.4","50"
"2022-08-18 08:39:32","28.8","50"
"2022-08-18 09:39:32","28.8","50"
"2022-08-18 10:39:40","28.9","49"
"2022-08-18 11:39:40","29.1","49"
"2022-08-18 12:39:43","29.1","50"
"2022-08-18 13:39:44","29.4","49"
"2022-08-18 14:39:44","29.4","48"
"2022-08-18 15:39:44","29.3","47"
"2022-08-18 16:39:44","29.3","46"
"2022-08-18 17:39:44","29.3","46"
"2022-08-18 18:39:44","29.2","46"
"2022-08-18 19:39:44","29.2","45"
"2022-08-18 20:39:44","29.2","45"
"2022-08-18 21:39:52","28.9","46"
"2022-08-18 22:39:57","28.2","43"
"2022-08-18 23:39:57","27.7","43"
"2022-08-19 00:39:00","27.5","42"
"2022-08-19 01:39:00","27.3","44"
"2022-08-19 02:39:02","28.3","46"
"2022-08-19 03:39:02","28.5","47"
"2022-08-19 04:39:02","28.5","48"
"2022-08-19 05:39:02","28.6","49"
"2022-08-19 06:39:02","28.6","49"
"2022-08-19 07:39:02","28.6","49"
"2022-08-19 08:39:02","28.8","49"
"2022-08-19 09:39:02","28.8","49"
"2022-08-19 10:39:06","28.9","50"
"2022-08-19 11:39:06","29.0","50"
"2022-08-19 12:39:06","29.1","49"
"2022-08-19 13:39:06","28.8","52"
"2022-08-19 14:39:08","28.5","48"
"2022-08-19 15:39:08","27.9","45"
"2022-08-19 16:39:11","27.7","48"
"2022-08-19 17:39:12","27.6","51"
"2022-08-19 18:39:15","27.4","50"
"2022-08-19 19:39:17","27.2","51"
"2022-08-19 20:39:17","27.2","51"
"2022-08-19 21:39:20","27.4","51"
"2022-08-19 22:39:27","27.7","50"
"2022-08-19 23:39:32","28.2","51"
"2022-08-20 00:39:35","28.2","52"
"2022-08-20 01:39:36","28.3","52"
"2022-08-20 02:39:40","28.4","52"
"2022-08-20 03:39:40","28.4","51"
"2022-08-20 04:39:40","28.3","51"
"2022-08-20 05:39:40","28.3","50"
"2022-08-20 06:39:40","28.3","48"
"2022-08-20 07:39:40","28.6","47"
"2022-08-20 08:39:40","28.9","47"
"2022-08-20 09:39:40","29.2","45"
"2022-08-20 10:39:44","29.3","43"
"2022-08-20 11:39:44","28.2","37"
"2022-08-20 12:39:44","27.8","37"
"2022-08-20 13:39:48","27.6","37"
"2022-08-20 14:39:51","27.6","39"
"2022-08-20 15:39:56","27.4","41"
"2022-08-20 16:39:00","27.3","39"
"2022-08-20 17:39:04","27.2","39"
"2022-08-20 18:39:12","26.9","39"
"2022-08-20 19:39:19","27.2","40"
"2022-08-20 20:39:19","27.5","40"
"2022-08-20 21:39:20","27.2","41"
"2022-08-20 22:39:20","27.8","42"
"2022-08-20 23:39:30","28.0","42"
"2022-08-21 00:39:32","28.1","43"
"2022-08-21 01:39:36","28.1","43"
"2022-08-21 02:39:40","28.1","43"
"2022-08-21 03:39:40","28.1","43"
"2022-08-21 04:39:47","28.1","43"
"2022-08-21 05:39:47","28.0","43"
"2022-08-21 06:39:47","28.0","44"
"2022-08-21 07:39:47","28.2","44"
"2022-08-21 08:39:47","28.5","44"
"2022-08-21 09:39:47","28.7","44"
"2022-08-21 10:39:47","28.7","45"
"2022-08-21 11:39:49","28.7","45"
"2022-08-21 12:39:51","28.7","46"
"2022-08-21 13:39:52","28.4","39"
"2022-08-21 14:39:56","27.8","36"
"2022-08-21 15:39:59","27.4","36"
"2022-08-21 16:39:00","26.9","38"
"2022-08-21 17:39:04","26.9","39"
"2022-08-21 18:39:12","26.7","38"
"2022-08-21 19:39:16","26.6","41"
"2022-08-21 20:39:20","26.4","41"
"2022-08-21 21:39:27","27.2","44"
"2022-08-21 22:39:31","27.7","43"
"2022-08-21 23:39:35","27.8","46"
"2022-08-22 00:39:35","27.8","46"
"2022-08-22 01:39:37","27.8","45"
"2022-08-22 02:39:40","27.9","46"
"2022-08-22 03:39:41","27.8","45"
"2022-08-22 04:39:41","27.8","45"
"2022-08-22 05:39:41","27.8","45"
"2022-08-22 06:39:41","27.8","45"
"2022-08-22 07:39:45","27.8","45"
"2022-08-22 08:39:45","28.0","45"
"2022-08-22 09:39:45","28.4","44"
"2022-08-22 10:39:45","28.6","44"
"2022-08-22 11:39:52","28.2","40"
"2022-08-22 12:39:57","27.6","38"
"2022-08-22 13:39:57","27.6","37"
"2022-08-22 14:39:00","27.5","36"
"2022-08-22 15:39:05","27.5","37"
"2022-08-22 16:39:23","27.4","36"
"2022-08-22 17:39:16","27.2","34"
"2022-08-22 18:39:32","27.0","37"
"2022-08-22 19:39:43","26.8","35"
"2022-08-22 20:39:56","26.7","36"
"2022-08-22 21:39:07","27.0","39"
"2022-08-22 22:39:08","27.7","41"
"2022-08-22 23:39:10","27.8","42"
"2022-08-23 00:39:14","27.9","42"
"2022-08-23 01:39:14","27.9","42"
"2022-08-23 02:39:14","27.9","41"
"2022-08-23 03:39:22","27.9","41"
"2022-08-23 04:39:22","27.8","41"
"2022-08-23 05:39:22","27.9","42"
"2022-08-23 06:39:22","27.9","42"
"2022-08-23 07:39:22","28.0","43"
"2022-08-23 08:39:24","28.3","42"
"2022-08-23 09:39:28","27.4","41"
"2022-08-23 10:39:28","27.4","41"
"2022-08-23 11:39:34","27.4","42"
"2022-08-23 12:39:44","27.7","42"
"2022-08-23 13:39:56","27.7","42"
"2022-08-23 14:39:04","27.6","43"
"2022-08-23 15:39:04","27.6","43"
"2022-08-23 16:39:04","27.5","46"
"2022-08-23 17:39:04","27.5","46"
"2022-08-23 18:39:04","27.3","49"
"2022-08-23 19:39:04","27.2","49"
"2022-08-23 20:39:08","27.0","47"
"2022-08-23 21:39:12","27.6","50"
"2022-08-23 22:39:12","27.9","51"
"2022-08-23 23:39:20","28.0","52"
"2022-08-24 00:39:23","28.0","52"
"2022-08-24 01:39:24","28.1","52"
"2022-08-24 02:39:28","28.2","55"
"2022-08-24 03:39:36","28.2","54"
"2022-08-24 04:39:36","28.1","54"
"2022-08-24 05:39:36","28.1","53"
"2022-08-24 06:39:36","28.1","54"
"2022-08-24 07:39:36","28.2","54"
"2022-08-24 08:39:36","28.6","53"
"2022-08-24 09:39:36","28.9","53"
"2022-08-24 10:39:39","29.1","53"
"2022-08-24 11:39:39","29.2","53"
"2022-08-24 12:39:40","29.0","47"
"2022-08-24 13:39:43","29.0","46"
"2022-08-24 14:39:43","28.4","45"
"2022-08-24 15:39:43","28.2","46"
"2022-08-24 16:39:43","28.2","47"
"2022-08-24 17:39:43","28.1","47"
"2022-08-24 18:39:43","27.9","48"
"2022-08-24 19:39:43","27.7","48"
"2022-08-24 20:39:42","27.7","48"
"2022-08-24 21:39:44","27.9","52"
"2022-08-24 22:39:49","28.4","54"
"2022-08-24 23:39:55","27.9","53"
"2022-08-25 00:39:55","27.7","53"
"2022-08-25 01:39:55","27.6","54"
"2022-08-25 02:39:58","28.1","55"
"2022-08-25 03:39:58","28.2","56"
"2022-08-25 04:39:58","28.3","56"
"2022-08-25 05:39:58","28.3","56"
"2022-08-25 06:39:58","28.4","55"
"2022-08-25 07:39:58","28.5","55"
"2022-08-25 08:39:58","28.7","54"
"2022-08-25 09:39:00","28.9","53"
"2022-08-25 10:39:00","28.1","43"
"2022-08-25 11:39:07","28.1","40"
"2022-08-25 12:39:08","28.5","40"
"2022-08-25 13:39:08","28.4","39"
"2022-08-25 14:39:12","28.8","40"
"2022-08-25 15:39:14","28.6","41"
"2022-08-25 16:39:14","28.5","43"
"2022-08-25 17:39:17","28.2","46"
"2022-08-25 18:39:23","28.0","46"
"2022-08-25 19:39:36","27.6","47"
"2022-08-25 20:39:39","27.3","47"
"2022-08-25 21:39:40","27.3","47"
"2022-08-25 22:39:47","27.0","45"
"2022-08-25 23:39:52","26.8","44"
"2022-08-26 00:39:56","26.7","46"
"2022-08-26 01:39:07","26.9","47"
"2022-08-26 02:39:07","27.9","49"
"2022-08-26 03:39:11","28.1","50"
"2022-08-26 04:39:11","28.1","50"
"2022-08-26 05:39:11","28.0","50"
"2022-08-26 06:39:11","28.1","51"
"2022-08-26 07:39:11","28.2","51"
"2022-08-26 08:39:11","28.2","51"
"2022-08-26 09:39:11","28.2","50"
"2022-08-26 10:39:13","28.3","51"
"2022-08-26 11:39:15","28.3","49"
"2022-08-26 12:39:15","28.0","46"
"2022-08-26 13:39:15","28.0","45"
"2022-08-26 14:39:15","28.0","44"
"2022-08-26 15:39:15","28.1","43"
"2022-08-26 16:39:16","28.1","41"
"2022-08-26 17:39:20","27.2","38"
"2022-08-26 18:39:27","27.0","42"
"2022-08-26 19:39:27","27.7","44"
"2022-08-26 20:39:27","28.0","45"
"2022-08-26 21:39:27","28.1","44"
"2022-08-26 22:39:30","28.1","43"
"2022-08-26 23:39:33","28.1","43"
"2022-08-27 00:39:38","28.1","43"
"2022-08-27 01:39:44","28.1","42"
"2022-08-27 02:39:43","28.1","42"
"2022-08-27 03:39:43","28.0","42"
"2022-08-27 04:39:43","28.0","41"
"2022-08-27 05:39:43","28.1","41"
"2022-08-27 06:39:43","28.1","41"
"2022-08-27 07:39:43","28.1","41"
"2022-08-27 08:39:43","28.1","41"
"2022-08-27 09:39:43","28.2","41"
"2022-08-27 10:39:47","28.3","41"
"2022-08-27 11:39:47","28.4","42"
"2022-08-27 12:39:47","28.5","43"
"2022-08-27 13:39:48","28.6","43"
"2022-08-27 14:39:48","27.4","36"
"2022-08-27 15:39:48","27.0","36"
"2022-08-27 16:39:51","28.0","39"
"2022-08-27 17:39:51","28.0","40"
"2022-08-27 18:39:52","27.9","39"
"2022-08-27 19:39:08","27.6","42"
"2022-08-27 20:39:15","27.5","39"
"2022-08-27 21:39:15","27.3","40"
"2022-08-27 22:39:22","27.1","39"
"2022-08-27 23:39:27","26.9","39"
"2022-08-28 00:39:32","26.7","38"
"2022-08-28 01:39:52","26.6","39"
"2022-08-28 02:39:00","26.6","38"
"2022-08-28 03:39:12","26.8","39"
"2022-08-28 04:39:13","27.2","39"
"2022-08-28 05:39:13","27.2","39"
"2022-08-28 06:39:13","27.3","40"
"2022-08-28 07:39:13","27.4","40"
"2022-08-28 08:39:13","27.6","40"
"2022-08-28 09:39:13","27.8","40"
"2022-08-28 10:39:20","28.0","39"
"2022-08-28 11:39:20","28.1","38"
"2022-08-28 12:39:34","28.1","39"
"2022-08-28 13:39:34","28.2","40"
"2022-08-28 14:39:34","28.1","39"
"2022-08-28 15:39:34","28.1","39"
"2022-08-28 16:39:34","28.1","39"
"2022-08-28 17:39:39","28.0","38"
"2022-08-28 18:39:43","28.0","38"
"2022-08-28 19:39:43","27.2","37"
"2022-08-28 20:39:43","26.8","41"
"2022-08-28 21:39:43","26.4","42"
"2022-08-28 22:39:43","27.2","43"
"2022-08-28 23:39:47","27.0","41"
"2022-08-29 00:39:49","26.9","41"
"2022-08-29 01:39:52","26.8","40"
"2022-08-29 02:39:59","26.4","39"
"2022-08-29 03:39:59","26.9","39"
"2022-08-29 04:39:59","27.1","39"
"2022-08-29 05:39:59","27.2","39"
"2022-08-29 06:39:59","27.2","39"
"2022-08-29 07:39:59","27.2","39"
"2022-08-29 08:39:59","27.3","38"
"2022-08-29 09:39:59","27.4","38"
"2022-08-29 10:39:59","27.5","38"
"2022-08-29 11:39:59","27.6","39"
"2022-08-29 12:39:59","27.7","38"
"2022-08-29 13:39:59","27.6","37"
"2022-08-29 14:39:59","27.7","37"
"2022-08-29 15:39:59","27.7","37"
"2022-08-29 16:39:59","27.7","37"
"2022-08-29 17:39:59","27.7","37"
"2022-08-29 18:39:59","27.6","38"
"2022-08-29 19:39:00","27.6","40"
"2022-08-29 20:39:00","27.7","41"
"2022-08-29 21:39:03","27.7","43"
"2022-08-29 22:39:08","27.2","43"
"2022-08-29 23:39:15","26.9","44"
"2022-08-30 00:39:16","26.7","45"
"2022-08-30 01:39:24","26.7","45"
"2022-08-30 02:39:24","26.9","46"
"2022-08-30 03:39:24","27.0","46"
"2022-08-30 04:39:24","27.1","46"
"2022-08-30 05:39:24","27.1","45"
"2022-08-30 06:39:24","27.1","45"
"2022-08-30 07:39:24","27.2","44"
"2022-08-30 08:39:26","27.3","44"
"2022-08-30 09:39:26","27.5","44"
"2022-08-30 10:39:26","27.6","43"
"2022-08-30 11:39:32","27.9","43"
"2022-08-30 12:39:41","27.9","40"
"2022-08-30 13:39:41","27.8","38"
"2022-08-30 14:39:41","27.8","38"
"2022-08-30 15:39:41","27.7","38"
"2022-08-30 16:39:41","27.7","38"
"2022-08-30 17:39:47","27.7","38"
"2022-08-30 18:39:47","27.6","35"
"2022-08-30 19:39:47","27.6","35"
"2022-08-30 20:39:48","27.7","39"
"2022-08-30 21:39:52","27.5","40"
"2022-08-30 22:39:53","27.2","40"
"2022-08-30 23:39:53","27.1","41"
"2022-08-31 00:39:00","26.8","43"
"2022-08-31 01:39:04","27.2","43"
"2022-08-31 02:39:04","27.3","43"
"2022-08-31 03:39:04","27.2","42"
"2022-08-31 04:39:04","27.2","41"
"2022-08-31 05:39:04","27.2","40"
"2022-08-31 06:39:04","27.1","39"
"2022-08-31 07:39:04","27.1","38"
"2022-08-31 08:39:04","27.2","38"
"2022-08-31 09:39:04","27.5","38"
"2022-08-31 10:39:07","27.7","37"
"2022-08-31 11:39:07","27.8","37"
"2022-08-31 12:39:07","27.9","38"
"2022-08-31 13:39:07","27.9","39"
"2022-08-31 14:39:08","27.9","38"
"2022-08-31 15:39:08","27.9","37"
"2022-08-31 16:39:11","27.8","35"
"2022-08-31 17:39:12","27.7","34"
"2022-08-31 18:39:12","27.7","33"
"2022-08-31 19:39:15","27.7","36"
"2022-08-31 20:39:15","27.5","36"
"2022-08-31 21:39:15","27.3","37"
"2022-08-31 22:39:16","27.1","39"
"2022-08-31 23:39:19","26.9","38"
"2022-09-01 00:39:27","26.8","38"
"2022-09-01 01:39:44","26.6","38"
"2022-09-01 02:39:48","27.0","38"
"2022-09-01 03:39:49","27.0","39"
"2022-09-01 04:39:49","26.9","39"
"2022-09-01 05:39:49","26.9","39"
"2022-09-01 06:39:49","27.0","39"
"2022-09-01 07:39:49","27.0","39"
"2022-09-01 08:39:49","27.1","39"
"2022-09-01 09:39:49","27.3","39"
"2022-09-01 10:39:49","27.5","39"
"2022-09-01 11:39:58","27.7","40"
"2022-09-01 12:39:58","27.8","40"
"2022-09-01 13:39:58","27.9","40"
"2022-09-01 14:39:59","28.0","42"
"2022-09-01 15:39:00","27.8","41"
"2022-09-01 16:39:04","27.7","38"
"2022-09-01 17:39:09","27.7","36"
"2022-09-01 18:39:12","27.7","35"
"2022-09-01 19:39:12","27.6","34"
"2022-09-01 20:39:15","27.6","35"
"2022-09-01 21:39:16","27.3","34"
"2022-09-01 22:39:16","27.2","34"
"2022-09-01 23:39:23","27.0","33"
"2022-09-02 00:39:23","26.8","32"
"2022-09-02 01:39:31","26.8","32"
"2022-09-02 02:39:32","27.0","33"
"2022-09-02 03:39:36","27.1","34"
"2022-09-02 04:39:36","27.0","34"
"2022-09-02 05:39:36","26.9","34"
"2022-09-02 06:39:36","27.0","34"
"2022-09-02 07:39:36","27.0","33"
"2022-09-02 08:39:36","27.1","34"
"2022-09-02 09:39:36","27.3","35"
"2022-09-02 10:39:40","27.4","35"
"2022-09-02 11:39:40","27.7","36"
"2022-09-02 12:39:43","27.8","37"
"2022-09-02 13:39:43","27.9","39"
"2022-09-02 14:39:43","28.0","39"
"2022-09-02 15:39:43","27.8","38"
"2022-09-02 16:39:43","27.7","38"
"2022-09-02 17:39:43","27.7","37"
"2022-09-02 18:39:43","27.6","37"
"2022-09-02 19:39:45","27.7","38"
"2022-09-02 20:39:45","27.8","39"
"2022-09-02 21:39:55","27.5","33"
"2022-09-02 22:39:59","27.3","32"
"2022-09-02 23:39:59","27.2","30"
"2022-09-03 00:39:04","27.1","30"
"2022-09-03 01:39:12","26.9","31"
"2022-09-03 02:39:17","26.8","31"
"2022-09-03 03:39:20","27.0","32"
"2022-09-03 04:39:20","27.0","33"
"2022-09-03 05:39:20","27.1","33"
"2022-09-03 06:39:20","27.1","33"
"2022-09-03 07:39:20","27.1","33"
"2022-09-03 08:39:20","27.3","33"
"2022-09-03 09:39:20","27.5","33"
"2022-09-03 10:39:23","27.7","33"
"2022-09-03 11:39:23","27.9","33"
"2022-09-03 12:39:23","28.0","34"
"2022-09-03 13:39:23","28.1","34"
"2022-09-03 14:39:24","28.2","34"
"2022-09-03 15:39:27","28.2","34"
"2022-09-03 16:39:28","27.5","33"
"2022-09-03 17:39:31","27.2","34"
"2022-09-03 18:39:32","26.9","34"
"2022-09-03 19:39:36","26.8","35"
"2022-09-03 20:39:39","27.3","36"
"2022-09-03 21:39:39","27.7","41"
"2022-09-03 22:39:39","27.5","38"
"2022-09-03 23:39:43","27.5","37"
"2022-09-04 00:39:42","27.4","37"
"2022-09-04 01:39:48","27.3","43"
"2022-09-04 02:39:48","27.5","42"
"2022-09-04 03:39:58","27.5","43"
"2022-09-04 04:39:58","27.5","43"
"2022-09-04 05:39:58","27.5","43"
"2022-09-04 06:39:58","27.4","44"
"2022-09-04 07:39:58","27.4","44"
"2022-09-04 08:39:58","27.5","45"
"2022-09-04 09:39:58","27.7","46"
"2022-09-04 10:39:58","27.9","47"
"2022-09-04 11:39:58","28.2","47"
"2022-09-04 12:39:59","28.3","47"
"2022-09-04 13:39:02","28.2","47"
"2022-09-04 14:39:02","28.2","51"
"2022-09-04 15:39:02","28.2","47"
"2022-09-04 16:39:02","28.2","44"
"2022-09-04 17:39:02","28.1","42"
"2022-09-04 18:39:02","28.1","45"
"2022-09-04 19:39:02","28.1","46"
"2022-09-04 20:39:01","27.9","46"
"2022-09-04 21:39:01","26.9","47"
"2022-09-04 22:39:07","26.7","46"
"2022-09-04 23:39:12","26.5","40"
"2022-09-05 00:39:23","26.8","39"
"2022-09-05 01:39:27","27.2","38"
"2022-09-05 02:39:29","27.3","38"
"2022-09-05 03:39:29","27.4","38"
"2022-09-05 04:39:29","27.4","39"
"2022-09-05 05:39:29","27.5","40"
"2022-09-05 06:39:29","27.5","40"
"2022-09-05 07:39:29","27.5","40"
"2022-09-05 08:39:29","27.6","40"
"2022-09-05 09:39:29","27.7","41"
"2022-09-05 10:39:29","27.8","41"
"2022-09-05 11:39:33","28.0","42"
"2022-09-05 12:39:33","28.3","42"
"2022-09-05 13:39:33","28.4","40"
"2022-09-05 14:39:33","28.5","38"
"2022-09-05 15:39:33","28.3","38"
"2022-09-05 16:39:33","28.2","39"
"2022-09-05 17:39:36","28.2","41"
"2022-09-05 18:39:36","28.2","42"
"2022-09-05 19:39:39","27.5","45"
"2022-09-05 20:39:39","27.2","48"
"2022-09-05 21:39:39","27.8","52"
"2022-09-05 22:39:43","27.7","49"
"2022-09-05 23:39:44","27.5","49"
"2022-09-06 00:39:48","27.3","47"
"2022-09-06 01:39:55","27.2","44"
"2022-09-06 02:39:56","27.4","46"
"2022-09-06 03:39:56","27.5","45"
"2022-09-06 04:39:56","27.5","45"
"2022-09-06 05:39:56","27.6","46"
"2022-09-06 06:39:56","27.6","46"
"2022-09-06 07:39:56","27.7","46"
"2022-09-06 08:39:56","27.8","46"
"2022-09-06 09:39:56","28.1","46"
"2022-09-06 10:39:00","28.2","47"
"2022-09-06 11:39:00","28.2","47"
"2022-09-06 12:39:00","28.4","47"
"2022-09-06 13:39:00","28.5","47"
"2022-09-06 14:39:00","28.5","47"
"2022-09-06 15:39:00","28.5","48"
"2022-09-06 16:39:00","28.4","48"
"2022-09-06 17:39:01","28.3","48"
"2022-09-06 18:39:01","28.2","48"
"2022-09-06 19:39:01","28.2","49"
"2022-09-06 20:39:06","28.4","52"
"2022-09-06 21:39:06","27.5","45"
"2022-09-06 22:39:08","27.0","50"
"2022-09-06 23:39:08","27.4","49"
"2022-09-07 00:39:11","27.9","50"
"2022-09-07 01:39:11","27.9","51"
"2022-09-07 02:39:11","27.9","49"
"2022-09-07 03:39:11","27.8","48"
"2022-09-07 04:39:11","27.9","48"
"2022-09-07 05:39:11","27.8","48"
"2022-09-07 06:39:11","27.8","48"
"2022-09-07 07:39:11","27.8","47"
"2022-09-07 08:39:11","27.9","48"
"2022-09-07 09:39:11","28.1","48"
"2022-09-07 10:39:15","28.3","48"
"2022-09-07 11:39:23","28.2","48"
"2022-09-07 12:39:23","28.1","45"
"2022-09-07 13:39:23","28.2","45"
"2022-09-07 14:39:23","28.2","43"
"2022-09-07 15:39:23","28.1","43"
"2022-09-07 16:39:23","28.1","43"
"2022-09-07 17:39:23","28.1","42"
"2022-09-07 18:39:23","28.1","42"
"2022-09-07 19:39:23","28.1","44"
"2022-09-07 20:39:16","28.2","44"
"2022-09-07 21:39:16","28.2","44"
"2022-09-07 22:39:16","28.0","46"
"2022-09-07 23:39:16","27.9","47"
"2022-09-08 00:39:22","27.7","46"
"2022-09-08 01:39:22","27.5","45"
"2022-09-08 02:39:22","27.4","46"
"2022-09-08 03:39:24","27.6","47"
"2022-09-08 04:39:24","27.7","47"
"2022-09-08 05:39:24","27.7","47"
"2022-09-08 06:39:24","27.7","48"
"2022-09-08 07:39:24","27.7","47"
"2022-09-08 08:39:24","27.8","48"
"2022-09-08 09:39:24","27.8","47"
"2022-09-08 10:39:24","27.9","47"
"2022-09-08 11:39:28","28.2","47"
"2022-09-08 12:39:28","28.3","47"
"2022-09-08 13:39:28","28.3","46"
"2022-09-08 14:39:28","28.1","42"
"2022-09-08 15:39:28","28.0","40"
"2022-09-08 16:39:28","27.9","39"
"2022-09-08 17:39:28","27.8","41"
"2022-09-08 18:39:28","27.8","41"
"2022-09-08 19:39:28","27.8","42"
"2022-09-08 20:39:32","27.7","43"
"2022-09-08 21:39:36","27.7","43"
"2022-09-08 22:39:36","27.4","42"
"2022-09-08 23:39:41","27.2","43"
"2022-09-09 00:39:41","27.0","43"
"2022-09-09 01:39:41","26.8","44"
"2022-09-09 02:39:41","26.7","45"
"2022-09-09 03:39:45","26.6","45"
"2022-09-09 04:39:50","26.9","45"
"2022-09-09 05:39:50","27.0","45"
"2022-09-09 06:39:50","27.1","45"
"2022-09-09 07:39:50","27.1","44"
"2022-09-09 08:39:50","27.2","44"
"2022-09-09 09:39:51","27.3","44"
"2022-09-09 10:39:51","27.2","44"
"2022-09-09 11:39:51","27.2","44"
"2022-09-09 12:39:51","27.3","45"
"2022-09-09 13:39:52","27.3","46"
"2022-09-09 14:39:52","27.2","46"
"2022-09-09 15:39:52","27.2","46"
"2022-09-09 16:39:52","27.2","46"
"2022-09-09 17:39:52","27.1","46"
"2022-09-09 18:39:52","27.1","46"
"2022-09-09 19:39:52","27.1","46"
"2022-09-09 20:39:52","26.9","46"
"2022-09-09 21:39:52","26.9","47"
"2022-09-09 22:39:59","26.9","47"
"2022-09-09 23:39:01","26.9","47"
"2022-09-10 00:39:01","26.8","48"
"2022-09-10 01:39:01","26.8","47"
"2022-09-10 02:39:01","26.8","48"
"2022-09-10 03:39:01","26.9","48"
"2022-09-10 04:39:01","26.9","49"
"2022-09-10 05:39:01","26.9","49"
"2022-09-10 06:39:01","26.9","49"
"2022-09-10 07:39:01","26.9","49"
"2022-09-10 08:39:01","27.1","50"
"2022-09-10 09:39:01","27.2","49"
"2022-09-10 10:39:02","27.3","49"
"2022-09-10 11:39:02","27.3","50"
"2022-09-10 12:39:01","27.5","50"
"2022-09-10 13:39:08","27.7","50"
"2022-09-10 14:39:08","27.7","50"
"2022-09-10 15:39:08","27.7","48"
"2022-09-10 16:39:08","27.7","47"
"2022-09-10 17:39:08","27.5","46"
"2022-09-10 18:39:08","27.5","46"
"2022-09-10 19:39:08","27.4","47"
"2022-09-10 20:39:12","27.5","49"
"2022-09-10 21:39:12","27.4","48"
"2022-09-10 22:39:12","27.3","48"
"2022-09-10 23:39:12","27.3","49"
"2022-09-11 00:39:16","27.4","49"
"2022-09-11 01:39:16","27.2","48"
"2022-09-11 02:39:16","27.3","48"
"2022-09-11 03:39:16","27.3","48"
"2022-09-11 04:39:16","27.3","47"
"2022-09-11 05:39:16","27.3","47"
"2022-09-11 06:39:16","27.2","47"
"2022-09-11 07:39:16","27.3","47"
"2022-09-11 08:39:16","27.4","47"
"2022-09-11 09:39:16","27.7","47"
"2022-09-11 10:39:16","27.8","47"
"2022-09-11 11:39:16","28.0","48"
"2022-09-11 12:39:16","28.2","47"
"2022-09-11 13:39:16","28.1","51"
"2022-09-11 14:39:16","27.9","48"
"2022-09-11 15:39:18","27.8","47"
"2022-09-11 16:39:18","27.7","47"
"2022-09-11 17:39:18","27.7","47"
"2022-09-11 18:39:22","27.8","47"
"2022-09-11 19:39:22","27.7","46"
"2022-09-11 20:39:22","27.6","48"
"2022-09-11 21:39:22","27.3","47"
"2022-09-11 22:39:22","27.3","46"
"2022-09-11 23:39:23","27.0","46"
"2022-09-12 00:39:23","27.2","45"
"2022-09-12 01:39:23","27.3","45"
"2022-09-12 02:39:23","27.3","45"
"2022-09-12 03:39:23","27.2","45"
"2022-09-12 04:39:23","27.2","45"
"2022-09-12 05:39:23","27.2","45"
"2022-09-12 06:39:23","27.2","45"
"2022-09-12 07:39:23","27.2","45"
"2022-09-12 08:39:23","27.2","45"
"2022-09-12 09:39:23","27.4","45"
"2022-09-12 10:39:23","27.6","45"
"2022-09-12 11:39:23","27.8","46"
"2022-09-12 12:39:23","27.8","46"
"2022-09-12 13:39:23","27.9","46"
"2022-09-12 14:39:23","28.0","46"
"2022-09-12 15:39:23","27.9","46"
"2022-09-12 16:39:23","27.8","46"
"2022-09-12 17:39:23","27.8","47"
"2022-09-12 18:39:23","27.7","45"
"2022-09-12 19:39:23","27.6","45"
"2022-09-12 20:39:25","27.6","47"
"2022-09-12 21:39:25","27.7","49"
"2022-09-12 22:39:25","27.6","47"
"2022-09-12 23:39:28","27.6","48"
"2022-09-13 00:39:28","27.7","49"
"2022-09-13 01:39:28","27.5","47"
"2022-09-13 02:39:28","27.5","48"
"2022-09-13 03:39:28","27.5","48"
"2022-09-13 04:39:28","27.5","49"
"2022-09-13 05:39:28","27.5","50"
"2022-09-13 06:39:28","27.4","50"
"2022-09-13 07:39:28","27.4","51"
"2022-09-13 08:39:28","27.4","51"
"2022-09-13 09:39:28","27.5","52"
"2022-09-13 10:39:28","27.5","51"
"2022-09-13 11:39:28","27.6","51"
"2022-09-13 12:39:28","27.8","50"
"2022-09-13 13:39:28","27.9","49"
"2022-09-13 14:39:28","28.1","46"
"2022-09-13 15:39:28","28.1","45"
"2022-09-13 16:39:28","28.0","46"
"2022-09-13 17:39:28","27.8","46"
"2022-09-13 18:39:28","27.7","45"
"2022-09-13 19:39:28","27.7","44"
"2022-09-13 20:39:28","27.6","44"
"2022-09-13 21:39:28","27.6","44"
"2022-09-13 22:39:31","27.5","43"
"2022-09-13 23:39:35","27.5","43"
"2022-09-14 00:39:35","27.5","43"
"2022-09-14 01:39:35","27.5","43"
"2022-09-14 02:39:35","27.5","43"
"2022-09-14 03:39:35","27.5","42"
"2022-09-14 04:39:35","27.4","42"
"2022-09-14 05:39:35","27.3","42"
"2022-09-14 06:39:35","27.4","43"
"2022-09-14 07:39:35","27.4","43"
"2022-09-14 08:39:35","27.3","43"
"2022-09-14 09:39:35","27.3","44"
"2022-09-14 10:39:35","27.3","44"
"2022-09-14 11:39:35","27.3","44"
"2022-09-14 12:39:35","27.3","44"
"2022-09-14 13:39:35","27.3","45"
"2022-09-14 14:39:35","27.5","45"
"2022-09-14 15:39:35","27.5","44"
"2022-09-14 16:39:35","27.6","44"
"2022-09-14 17:39:35","27.5","44"
"2022-09-14 18:39:36","27.5","45"
"2022-09-14 19:39:36","27.5","45"
"2022-09-14 20:39:36","27.5","50"
"2022-09-14 21:39:36","27.2","41"
"2022-09-14 22:39:36","27.0","41"
"2022-09-14 23:39:38","27.1","42"
"2022-09-15 00:39:38","27.2","43"
"2022-09-15 01:39:38","27.1","42"
"2022-09-15 02:39:38","27.1","42"
"2022-09-15 03:39:38","27.0","42"
"2022-09-15 04:39:38","27.0","42"
"2022-09-15 05:39:38","27.0","42"
"2022-09-15 06:39:38","27.0","41"
"2022-09-15 07:39:38","26.9","41"
"2022-09-15 08:39:38","26.9","41"
"2022-09-15 09:39:38","27.0","41"
"2022-09-15 10:39:38","27.1","41"
"2022-09-15 11:39:38","27.2","41"
"2022-09-15 12:39:38","27.3","41"
"2022-09-15 13:39:38","27.3","41"
"2022-09-15 14:39:38","27.3","41"
"2022-09-15 15:39:38","27.2","41"
"2022-09-15 16:39:38","27.2","41"
"2022-09-15 17:39:38","27.2","41"
"2022-09-15 18:39:38","27.2","41"
"2022-09-15 19:39:38","27.1","41"
"2022-09-15 20:39:38","27.1","41"
"2022-09-15 21:39:38","27.0","41"
"2022-09-15 22:39:38","27.0","40"
"2022-09-15 23:39:38","26.9","40"
"2022-09-16 00:39:38","26.9","39"
"2022-09-16 01:39:38","26.9","38"
"2022-09-16 02:39:38","26.8","38"
"2022-09-16 03:39:38","26.8","38"
"2022-09-16 04:39:38","26.7","38"
"2022-09-16 05:39:38","26.7","38"
"2022-09-16 06:39:38","26.7","38"
"2022-09-16 07:39:38","26.7","38"
"2022-09-16 08:39:38","26.7","37"
"2022-09-16 09:39:38","26.8","37"
"2022-09-16 10:39:38","26.9","37"
"2022-09-16 11:39:38","26.8","38"
"2022-09-16 12:39:38","27.0","38"
"2022-09-16 13:39:38","27.2","38"
"2022-09-16 14:39:38","27.2","38"
"2022-09-16 15:39:38","27.1","38"
"2022-09-16 16:39:38","27.0","38"
"2022-09-16 17:39:38","27.0","38"
"2022-09-16 18:39:38","26.9","38"
"2022-09-16 19:39:38","26.8","38"
"2022-09-16 20:39:38","26.8","38"
"2022-09-16 21:39:38","26.7","38"
"2022-09-16 22:39:38","26.7","37"
"2022-09-16 23:39:38","26.7","37"
"2022-09-17 00:39:38","26.6","36"
"2022-09-17 01:39:38","26.5","36"
"2022-09-17 02:39:38","26.5","36"
"2022-09-17 03:39:38","26.5","36"
"2022-09-17 04:39:38","26.4","36"
"2022-09-17 05:39:38","26.4","36"
"2022-09-17 06:39:38","26.4","36"
"2022-09-17 07:39:38","26.3","37"
"2022-09-17 08:39:38","26.3","37"
"2022-09-17 09:39:38","26.5","37"
"2022-09-17 10:39:38","26.6","37"
"2022-09-17 11:39:38","26.7","37"
"2022-09-17 12:39:38","26.8","37"
"2022-09-17 13:39:38","27.0","37"
"2022-09-17 14:39:38","27.0","37"
"2022-09-17 15:39:38","27.0","37"
"2022-09-17 16:39:38","27.0","37"
"2022-09-17 17:39:38","26.8","37"
"2022-09-17 18:39:38","26.7","37"
"2022-09-17 19:39:38","26.6","37"
"2022-09-17 20:39:38","26.5","37"
"2022-09-17 21:39:38","26.5","37"
"2022-09-17 22:39:38","26.4","38"
"2022-09-17 23:39:38","26.4","38"
"2022-09-18 00:39:38","26.3","38"
"2022-09-18 01:39:38","26.3","38"
"2022-09-18 02:39:38","26.3","38"
"2022-09-18 03:39:38","26.3","38"
"2022-09-18 04:39:38","26.2","38"
"2022-09-18 05:39:38","26.2","38"
"2022-09-18 06:39:38","26.2","38"
"2022-09-18 07:39:38","26.1","38"
"2022-09-18 08:39:38","26.1","38"
"2022-09-18 09:39:38","26.2","39"
"2022-09-18 10:39:38","26.2","39"
"2022-09-18 11:39:38","26.2","39"
"2022-09-18 12:39:38","26.2","39"
"2022-09-18 13:39:38","26.2","39"
"2022-09-18 14:39:38","26.2","39"
"2022-09-18 15:39:38","26.1","39"
"2022-09-18 16:39:38","26.1","39"
"2022-09-18 17:39:38","26.0","39"
"2022-09-18 18:39:38","26.0","39"
"2022-09-18 19:39:38","26.0","39"
"2022-09-18 20:39:38","25.9","39"
"2022-09-18 21:39:38","25.9","39"
"2022-09-18 22:39:38","25.9","39"
"2022-09-18 23:39:38","25.9","39"
"2022-09-19 00:39:38","25.8","38"
"2022-09-19 01:39:38","25.8","39"
"2022-09-19 02:39:38","25.8","38"
"2022-09-19 03:39:38","25.7","39"
"2022-09-19 04:39:38","25.7","39"
"2022-09-19 05:39:38","25.7","39"
"2022-09-19 06:39:38","25.7","38"
"2022-09-19 07:39:38","25.7","38"
"2022-09-19 08:39:38","25.8","38"
"2022-09-19 09:39:38","26.0","38"
"2022-09-19 10:39:38","26.2","38"
"2022-09-19 11:39:38","26.3","38"
"2022-09-19 12:39:38","26.6","38"
"2022-09-19 13:39:38","26.7","38"
"2022-09-19 14:39:38","26.5","38"
"2022-09-19 15:39:38","26.5","38"
"2022-09-19 16:39:38","26.3","38"
"2022-09-19 17:39:38","26.2","39"
"2022-09-19 18:39:38","26.2","39"
"2022-09-19 19:39:38","26.1","39"
"2022-09-19 20:39:38","26.0","39"
"2022-09-19 21:39:38","25.9","39"
"2022-09-19 22:39:38","25.9","39"
"2022-09-19 23:39:38","25.8","39"
"2022-09-20 00:39:38","25.8","39"
"2022-09-20 01:39:38","25.7","39"
"2022-09-20 02:39:38","25.7","39"
"2022-09-20 03:39:38","25.7","39"
"2022-09-20 04:39:38","25.7","39"
"2022-09-20 05:39:38","25.7","39"
"2022-09-20 06:39:38","25.6","39"
"2022-09-20 07:39:38","25.6","39"
"2022-09-20 08:39:38","25.6","39"
"2022-09-20 09:39:38","25.9","39"
"2022-09-20 10:39:38","26.2","39"
"2022-09-20 11:39:38","26.3","39"
"2022-09-20 12:39:38","26.4","38"
"2022-09-20 13:39:38","26.4","38"
"2022-09-20 14:39:38","26.5","38"
"2022-09-20 15:39:38","26.4","38"
"2022-09-20 16:39:38","26.3","38"
"2022-09-20 17:39:38","26.2","38"
"2022-09-20 18:39:38","26.1","38"
"2022-09-20 19:39:38","26.0","38"
"2022-09-20 20:39:38","26.0","38"
"2022-09-20 21:39:38","25.9","38"
"2022-09-20 22:39:38","25.8","38"
"2022-09-20 23:39:38","25.8","38"
"2022-09-21 00:39:44","25.8","38"
"2022-09-21 01:39:44","25.8","38"
"2022-09-21 02:39:44","25.7","37"
"2022-09-21 03:39:44","25.8","39"
"2022-09-21 04:39:44","25.7","39"
"2022-09-21 05:39:44","25.6","39"
"2022-09-21 06:39:44","25.6","39"
"2022-09-21 07:39:44","25.5","39"
"2022-09-21 08:39:44","25.6","38"
"2022-09-21 09:39:44","25.9","39"
"2022-09-21 10:39:44","26.2","39"
"2022-09-21 11:39:44","26.2","39"
"2022-09-21 12:39:44","26.5","40"
"2022-09-21 13:39:44","26.5","40"
"2022-09-21 14:39:44","26.3","41"
"2022-09-21 15:39:44","26.2","41"
"2022-09-21 16:39:44","26.2","41"
"2022-09-21 17:39:44","26.1","41"
"2022-09-21 18:39:44","26.0","41"
"2022-09-21 19:39:44","25.9","41"
"2022-09-21 20:39:44","26.1","44"
"2022-09-21 21:39:49","26.1","41"
"2022-09-21 22:39:49","26.0","40"
"2022-09-21 23:39:49","26.0","38"
"2022-09-22 00:39:49","25.9","38"
"2022-09-22 01:39:52","25.9","37"
"2022-09-22 02:39:52","25.8","36"
"2022-09-22 03:39:52","25.7","36"
"2022-09-22 04:39:52","25.7","36"
"2022-09-22 05:39:52","25.6","36"
"2022-09-22 06:39:52","25.6","36"
"2022-09-22 07:39:52","25.6","36"
"2022-09-22 08:39:52","25.7","35"
"2022-09-22 09:39:52","25.8","36"
"2022-09-22 10:39:52","26.1","36"
"2022-09-22 11:39:52","26.3","36"
"2022-09-22 12:39:52","26.5","36"
"2022-09-22 13:39:56","26.7","37"
"2022-09-22 14:39:56","26.6","37"
"2022-09-22 15:39:56","26.5","38"
"2022-09-22 16:39:56","26.3","38"
"2022-09-22 17:39:56","26.2","38"
"2022-09-22 18:39:56","26.1","38"
"2022-09-22 19:39:56","26.0","38"
"2022-09-22 20:39:56","26.1","41"
"2022-09-22 21:39:00","26.2","40"
"2022-09-22 22:39:00","26.0","39"
"2022-09-22 23:39:00","25.7","38"
"2022-09-23 00:39:00","25.9","38"
"2022-09-23 01:39:00","25.9","38"
"2022-09-23 02:39:00","25.9","37"
"2022-09-23 03:39:00","25.8","37"
"2022-09-23 04:39:00","25.7","36"
"2022-09-23 05:39:00","25.7","36"
"2022-09-23 06:39:00","25.7","36"
"2022-09-23 07:39:00","25.7","36"
"2022-09-23 08:39:00","25.7","36"
"2022-09-23 09:39:00","25.7","36"
"2022-09-23 10:39:00","25.8","37"
"2022-09-23 11:39:04","25.9","38"
"2022-09-23 12:39:04","25.9","39"
"2022-09-23 13:39:04","26.1","40"
"2022-09-23 14:39:04","26.2","41"
"2022-09-23 15:39:08","26.1","41"
"2022-09-23 16:39:08","26.0","42"
"2022-09-23 17:39:08","25.9","42"
"2022-09-23 18:39:08","25.9","42"
"2022-09-23 19:39:08","25.8","42"
"2022-09-23 20:39:08","25.8","45"
"2022-09-23 21:39:08","25.9","44"
"2022-09-23 22:39:08","25.6","44"
"2022-09-23 23:39:08","25.6","44"
"2022-09-24 00:39:12","25.5","45"
"2022-09-24 01:39:12","25.7","45"
"2022-09-24 02:39:12","25.7","45"
"2022-09-24 03:39:12","25.6","45"
"2022-09-24 04:39:12","25.6","45"
"2022-09-24 05:39:12","25.5","45"
"2022-09-24 06:39:12","25.6","45"
"2022-09-24 07:39:12","25.6","45"
"2022-09-24 08:39:12","25.6","44"
"2022-09-24 09:39:12","25.6","44"
"2022-09-24 10:39:12","25.6","44"
"2022-09-24 11:39:12","25.6","44"
"2022-09-24 12:39:12","25.6","44"
"2022-09-24 13:39:12","25.6","44"
"2022-09-24 14:39:12","25.7","48"
"2022-09-24 15:39:12","25.6","44"
"2022-09-24 16:39:12","25.7","42"
"2022-09-24 17:39:12","25.7","41"
"2022-09-24 18:39:12","25.7","40"
"2022-09-24 19:39:12","25.6","39"
"2022-09-24 20:39:12","25.5","39"
"2022-09-24 21:39:12","25.5","39"
"2022-09-24 22:39:12","25.5","39"
"2022-09-24 23:39:12","25.5","40"
"2022-09-25 00:39:12","25.6","40"
"2022-09-25 01:39:12","25.5","40"
"2022-09-25 02:39:12","25.4","41"
"2022-09-25 03:39:12","25.4","41"
"2022-09-25 04:39:12","25.3","42"
"2022-09-25 05:39:12","25.3","42"
"2022-09-25 06:39:12","25.2","42"
"2022-09-25 07:39:12","25.2","42"
"2022-09-25 08:39:12","25.2","41"
"2022-09-25 09:39:12","25.2","42"
"2022-09-25 10:39:12","25.3","43"
"2022-09-25 11:39:12","25.6","43"
"2022-09-25 12:39:15","25.6","43"
"2022-09-25 13:39:15","25.9","43"
"2022-09-25 14:39:15","26.3","44"
"2022-09-25 15:39:15","26.1","42"
"2022-09-25 16:39:15","25.8","40"
"2022-09-25 17:39:15","25.7","41"
"2022-09-25 18:39:15","25.6","41"
"2022-09-25 19:39:15","25.5","41"
"2022-09-25 20:39:15","25.7","42"
"2022-09-25 21:39:15","25.9","47"
"2022-09-25 22:39:15","25.4","39"
"2022-09-25 23:39:16","25.3","41"
"2022-09-26 00:39:16","25.4","42"
"2022-09-26 01:39:16","25.5","44"
"2022-09-26 02:39:16","25.3","44"
"2022-09-26 03:39:16","25.2","43"
"2022-09-26 04:39:16","25.2","42"
"2022-09-26 05:39:16","25.2","40"
"2022-09-26 06:39:16","25.2","39"
"2022-09-26 07:39:16","25.2","39"
"2022-09-26 08:39:16","25.2","38"
"2022-09-26 09:39:16","25.2","39"
"2022-09-26 10:39:16","25.2","39"
"2022-09-26 11:39:16","25.2","40"
"2022-09-26 12:39:16","25.2","41"
"2022-09-26 13:39:16","25.3","43"
"2022-09-26 14:39:16","25.3","43"
"2022-09-26 15:39:16","25.2","43"
"2022-09-26 16:39:16","25.2","44"
"2022-09-26 17:39:16","25.3","44"
"2022-09-26 18:39:16","25.2","44"
"2022-09-26 19:39:16","25.3","48"
"2022-09-26 20:39:16","25.3","47"
"2022-09-26 21:39:16","25.4","48"
"2022-09-26 22:39:16","25.3","48"
"2022-09-26 23:39:16","25.2","45"
"2022-09-27 00:39:16","25.2","45"
"2022-09-27 01:39:16","25.2","44"
"2022-09-27 02:39:16","25.2","42"
"2022-09-27 03:39:16","25.1","40"
"2022-09-27 04:39:16","25.0","39"
"2022-09-27 05:39:16","24.9","39"
"2022-09-27 06:39:16","24.9","39"
"2022-09-27 07:39:16","24.9","40"
"2022-09-27 08:39:16","24.9","40"
"2022-09-27 09:39:16","24.9","40"
"2022-09-27 10:39:16","24.9","41"
"2022-09-27 11:39:16","24.9","41"
"2022-09-27 12:39:16","24.9","42"
"2022-09-27 13:39:16","24.9","43"
"2022-09-27 14:39:16","25.0","42"
"2022-09-27 15:39:16","24.9","41"
"2022-09-27 16:39:16","24.9","41"
"2022-09-27 17:39:16","24.9","41"
"2022-09-27 18:39:16","24.8","42"
"2022-09-27 19:39:21","24.8","43"
"2022-09-27 20:39:21","24.8","41"
"2022-09-27 21:39:24","24.5","41"
"2022-09-27 22:39:24","24.6","40"
"2022-09-27 23:39:24","24.6","40"
"2022-09-28 00:39:24","24.6","40"
"2022-09-28 01:39:27","24.6","39"
"2022-09-28 02:39:27","24.4","39"
"2022-09-28 03:39:27","24.3","39"
"2022-09-28 04:39:27","24.3","39"
"2022-09-28 05:39:27","24.3","39"
"2022-09-28 06:39:27","24.3","40"
"2022-09-28 07:39:27","24.2","40"
"2022-09-28 08:39:27","24.2","40"
"2022-09-28 09:39:27","24.3","40"
"2022-09-28 10:39:27","24.5","41"
"2022-09-28 11:39:27","24.8","42"
"2022-09-28 12:39:27","24.9","43"
"2022-09-28 13:39:27","25.1","42"
"2022-09-28 14:39:27","24.8","41"
"2022-09-28 15:39:27","24.7","40"
"2022-09-28 16:39:27","24.6","40"
"2022-09-28 17:39:27","24.5","39"
"2022-09-28 18:39:27","24.5","38"
"2022-09-28 19:39:27","24.4","38"
"2022-09-28 20:39:27","24.6","42"
"2022-09-28 21:39:27","24.6","44"
"2022-09-28 22:39:27","24.7","44"
"2022-09-28 23:39:28","24.6","43"
"2022-09-29 00:39:28","24.6","42"
"2022-09-29 01:39:28","24.6","41"
"2022-09-29 02:39:28","24.5","41"
"2022-09-29 03:39:28","24.3","40"
"2022-09-29 04:39:28","24.2","40"
"2022-09-29 05:39:28","24.2","40"
"2022-09-29 06:39:28","24.2","39"
"2022-09-29 07:39:28","24.1","39"
"2022-09-29 08:39:28","24.1","39"
"2022-09-29 09:39:28","24.3","40"
"2022-09-29 10:39:28","24.6","41"
"2022-09-29 11:39:28","24.8","41"
"2022-09-29 12:39:28","25.1","41"
"2022-09-29 13:39:28","25.1","41"
"2022-09-29 14:39:28","25.1","41"
"2022-09-29 15:39:28","24.9","42"
"2022-09-29 16:39:28","24.7","42"
"2022-09-29 17:39:28","24.7","42"
"2022-09-29 18:39:28","24.7","42"
"2022-09-29 19:39:28","24.8","44"
"2022-09-29 20:39:28","25.4","47"
"2022-09-29 21:39:28","24.9","46"
"2022-09-29 22:39:28","24.8","44"
"2022-09-29 23:39:31","24.7","43"
"2022-09-30 00:39:31","24.7","42"
"2022-09-30 01:39:31","24.6","41"
"2022-09-30 02:39:31","24.5","41"
"2022-09-30 03:39:31","24.4","40"
"2022-09-30 04:39:31","24.3","40"
"2022-09-30 05:39:31","24.4","40"
"2022-09-30 06:39:31","24.3","40"
"2022-09-30 07:39:31","24.3","40"
"2022-09-30 08:39:31","24.4","41"
"2022-09-30 09:39:31","24.6","41"
"2022-09-30 10:39:31","24.9","41"
"2022-09-30 11:39:31","25.2","42"
"2022-09-30 12:39:31","25.3","43"
"2022-09-30 13:39:31","25.3","44"
"2022-09-30 14:39:31","25.4","44"
"2022-09-30 15:39:31","25.2","41"
"2022-09-30 16:39:31","24.8","35"
"2022-09-30 17:39:31","24.5","35"
"2022-09-30 18:39:31","24.7","37"
"2022-09-30 19:39:31","24.6","38"
"2022-09-30 20:39:31","24.5","37"
"2022-09-30 21:39:31","24.4","36"
"2022-09-30 22:39:31","24.4","36"
"2022-09-30 23:39:31","24.4","39"
"2022-10-01 00:39:31","24.5","40"
"2022-10-01 01:39:31","24.5","40"
"2022-10-01 02:39:31","24.5","41"
"2022-10-01 03:39:31","24.4","42"
"2022-10-01 04:39:31","24.4","42"
"2022-10-01 05:39:31","24.4","43"
"2022-10-01 06:39:31","24.4","43"
"2022-10-01 07:39:31","24.4","44"
"2022-10-01 08:39:31","24.5","44"
"2022-10-01 09:39:31","24.6","44"
"2022-10-01 10:39:31","24.7","45"
"2022-10-01 11:39:31","24.9","45"
"2022-10-01 12:39:31","25.1","45"
"2022-10-01 13:39:31","25.2","44"
"2022-10-01 14:39:31","25.2","44"
"2022-10-01 15:39:31","25.2","44"
"2022-10-01 16:39:31","25.1","44"
"2022-10-01 17:39:31","25.1","43"
"2022-10-01 18:39:31","25.0","43"
"2022-10-01 19:39:31","24.9","43"
"2022-10-01 20:39:31","24.9","43"
"2022-10-01 21:39:31","24.8","43"
"2022-10-01 22:39:31","24.8","44"
"2022-10-01 23:39:31","24.8","44"
"2022-10-02 00:39:31","24.8","48"
"2022-10-02 01:39:31","24.9","47"
"2022-10-02 02:39:31","24.9","47"
"2022-10-02 03:39:31","24.8","47"
"2022-10-02 04:39:31","24.7","47"
"2022-10-02 05:39:31","24.7","47"
"2022-10-02 06:39:31","24.8","47"
"2022-10-02 07:39:31","24.7","46"
"2022-10-02 08:39:31","24.8","46"
"2022-10-02 09:39:31","24.8","46"
"2022-10-02 10:39:31","24.9","46"
"2022-10-02 11:39:31","25.0","47"
"2022-10-02 12:39:31","25.1","47"
"2022-10-02 13:39:31","25.3","49"
"2022-10-02 14:39:31","25.7","55"
"2022-10-02 15:39:31","25.7","52"
"2022-10-02 16:39:31","25.5","49"
"2022-10-02 17:39:31","25.4","47"
"2022-10-02 18:39:32","25.3","46"
"2022-10-02 19:39:35","25.2","45"
"2022-10-02 20:39:35","25.3","47"
"2022-10-02 21:39:35","25.2","46"
"2022-10-02 22:39:35","25.2","45"
"2022-10-02 23:39:35","25.2","46"
"2022-10-03 00:39:35","25.2","46"
"2022-10-03 01:39:35","25.2","45"
"2022-10-03 02:39:35","25.2","45"
"2022-10-03 03:39:35","25.1","45"
"2022-10-03 04:39:35","25.1","45"
"2022-10-03 05:39:35","25.0","44"
"2022-10-03 06:39:35","25.1","44"
"2022-10-03 07:39:35","25.1","44"
"2022-10-03 08:39:35","25.1","44"
"2022-10-03 09:39:35","25.1","44"
"2022-10-03 10:39:35","25.2","45"
"2022-10-03 11:39:36","25.2","45"
"2022-10-03 12:39:36","25.3","47"
"2022-10-03 13:39:36","25.2","47"
"2022-10-03 14:39:36","25.2","47"
"2022-10-03 15:39:36","25.2","47"
"2022-10-03 16:39:36","25.2","47"
"2022-10-03 17:39:36","25.2","46"
"2022-10-03 18:39:36","25.1","46"
"2022-10-03 19:39:36","25.1","47"
"2022-10-03 20:39:36","25.3","51"
"2022-10-03 21:39:39","25.2","49"
"2022-10-03 22:39:39","25.2","47"
"2022-10-03 23:39:39","25.2","45"
"2022-10-04 00:39:39","25.1","45"
"2022-10-04 01:39:39","25.1","44"
"2022-10-04 02:39:39","25.1","46"
"2022-10-04 03:39:39","25.0","45"
"2022-10-04 04:39:39","24.9","45"
"2022-10-04 05:39:39","24.9","45"
"2022-10-04 06:39:39","24.8","45"
"2022-10-04 07:39:39","24.8","45"
"2022-10-04 08:39:39","24.7","45"
"2022-10-04 09:39:39","24.9","45"
"2022-10-04 10:39:40","25.2","46"
"2022-10-04 11:39:40","25.4","46"
"2022-10-04 12:39:40","25.6","46"
"2022-10-04 13:39:40","25.6","47"
"2022-10-04 14:39:40","25.7","47"
"2022-10-04 15:39:40","25.5","47"
"2022-10-04 16:39:40","25.4","47"
"2022-10-04 17:39:40","25.2","47"
"2022-10-04 18:39:40","25.1","47"
"2022-10-04 19:39:40","25.1","48"
"2022-10-04 20:39:40","25.5","54"
"2022-10-04 21:39:40","25.2","51"
"2022-10-04 22:39:40","25.2","49"
"2022-10-04 23:39:40","25.2","50"
"2022-10-05 00:39:40","25.2","49"
"2022-10-05 01:39:40","25.2","48"
"2022-10-05 02:39:40","25.2","47"
"2022-10-05 03:39:40","25.0","47"
"2022-10-05 04:39:40","25.0","46"
"2022-10-05 05:39:40","25.0","46"
"2022-10-05 06:39:40","25.0","46"
"2022-10-05 07:39:40","25.0","46"
"2022-10-05 08:39:40","25.0","45"
"2022-10-05 09:39:40","25.1","46"
"2022-10-05 10:39:40","25.1","46"
"2022-10-05 11:39:40","25.1","46"
"2022-10-05 12:39:40","25.2","47"
"2022-10-05 13:39:40","25.2","47"
"2022-10-05 14:39:40","25.2","47"
